countryLabel,location,population,index,indexDate
Belgium,Point(4.668055555 50.641111111),9830358,0.936,2019-01-01T00:00:00Z
Belgium,Point(4.668055555 50.641111111),11035948,0.936,2019-01-01T00:00:00Z
Belgium,Point(4.668055555 50.641111111),4529465,0.936,2019-01-01T00:00:00Z
Belgium,Point(4.668055555 50.641111111),10004486,0.936,2019-01-01T00:00:00Z
Belgium,Point(4.668055555 50.641111111),9830358,0.931,2017-01-01T00:00:00Z
Belgium,Point(4.668055555 50.641111111),11035948,0.931,2017-01-01T00:00:00Z
Belgium,Point(4.668055555 50.641111111),4529465,0.931,2017-01-01T00:00:00Z
Belgium,Point(4.668055555 50.641111111),9830358,0.937,2021-01-01T00:00:00Z
Belgium,Point(4.668055555 50.641111111),11035948,0.937,2021-01-01T00:00:00Z
Belgium,Point(4.668055555 50.641111111),4529465,0.937,2021-01-01T00:00:00Z
Belgium,Point(4.668055555 50.641111111),9830358,0.924,2015-01-01T00:00:00Z
Belgium,Point(4.668055555 50.641111111),11035948,0.924,2015-01-01T00:00:00Z
Belgium,Point(4.668055555 50.641111111),4529465,0.924,2015-01-01T00:00:00Z
Belgium,Point(4.668055555 50.641111111),9830358,0.928,2020-01-01T00:00:00Z
Belgium,Point(4.668055555 50.641111111),11035948,0.928,2020-01-01T00:00:00Z
Belgium,Point(4.668055555 50.641111111),4529465,0.928,2020-01-01T00:00:00Z
Belgium,Point(4.668055555 50.641111111),9830358,0.921,2014-01-01T00:00:00Z
Belgium,Point(4.668055555 50.641111111),11035948,0.921,2014-01-01T00:00:00Z
Belgium,Point(4.668055555 50.641111111),4529465,0.921,2014-01-01T00:00:00Z
Belgium,Point(4.668055555 50.641111111),9830358,0.927,2016-01-01T00:00:00Z
Belgium,Point(4.668055555 50.641111111),11035948,0.927,2016-01-01T00:00:00Z
Belgium,Point(4.668055555 50.641111111),4529465,0.927,2016-01-01T00:00:00Z
Belgium,Point(4.668055555 50.641111111),9830358,0.933,2018-01-01T00:00:00Z
Belgium,Point(4.668055555 50.641111111),11035948,0.933,2018-01-01T00:00:00Z
Belgium,Point(4.668055555 50.641111111),4529465,0.933,2018-01-01T00:00:00Z
Belgium,Point(4.668055555 50.641111111),9830358,0.916,2013-01-01T00:00:00Z
Belgium,Point(4.668055555 50.641111111),11035948,0.916,2013-01-01T00:00:00Z
Belgium,Point(4.668055555 50.641111111),4529465,0.916,2013-01-01T00:00:00Z
Belgium,Point(4.668055555 50.641111111),9855372,0.936,2019-01-01T00:00:00Z
Belgium,Point(4.668055555 50.641111111),10445852,0.936,2019-01-01T00:00:00Z
Belgium,Point(4.668055555 50.641111111),10021997,0.936,2019-01-01T00:00:00Z
Belgium,Point(4.668055555 50.641111111),9855372,0.931,2017-01-01T00:00:00Z
Belgium,Point(4.668055555 50.641111111),10445852,0.931,2017-01-01T00:00:00Z
Belgium,Point(4.668055555 50.641111111),10021997,0.931,2017-01-01T00:00:00Z
Belgium,Point(4.668055555 50.641111111),9855372,0.937,2021-01-01T00:00:00Z
Belgium,Point(4.668055555 50.641111111),10445852,0.937,2021-01-01T00:00:00Z
Belgium,Point(4.668055555 50.641111111),10021997,0.937,2021-01-01T00:00:00Z
Belgium,Point(4.668055555 50.641111111),9855372,0.924,2015-01-01T00:00:00Z
Belgium,Point(4.668055555 50.641111111),10445852,0.924,2015-01-01T00:00:00Z
Belgium,Point(4.668055555 50.641111111),10021997,0.924,2015-01-01T00:00:00Z
Belgium,Point(4.668055555 50.641111111),9855372,0.928,2020-01-01T00:00:00Z
Belgium,Point(4.668055555 50.641111111),10445852,0.928,2020-01-01T00:00:00Z
Belgium,Point(4.668055555 50.641111111),10021997,0.928,2020-01-01T00:00:00Z
Belgium,Point(4.668055555 50.641111111),9855372,0.921,2014-01-01T00:00:00Z
Belgium,Point(4.668055555 50.641111111),10445852,0.921,2014-01-01T00:00:00Z
Belgium,Point(4.668055555 50.641111111),10021997,0.921,2014-01-01T00:00:00Z
Belgium,Point(4.668055555 50.641111111),9855372,0.927,2016-01-01T00:00:00Z
Belgium,Point(4.668055555 50.641111111),10445852,0.927,2016-01-01T00:00:00Z
Belgium,Point(4.668055555 50.641111111),10021997,0.927,2016-01-01T00:00:00Z
Belgium,Point(4.668055555 50.641111111),9855372,0.933,2018-01-01T00:00:00Z
Belgium,Point(4.668055555 50.641111111),10445852,0.933,2018-01-01T00:00:00Z
Belgium,Point(4.668055555 50.641111111),10021997,0.933,2018-01-01T00:00:00Z
Belgium,Point(4.668055555 50.641111111),9855372,0.916,2013-01-01T00:00:00Z
Belgium,Point(4.668055555 50.641111111),10445852,0.916,2013-01-01T00:00:00Z
Belgium,Point(4.668055555 50.641111111),10021997,0.916,2013-01-01T00:00:00Z
Belgium,Point(4.668055555 50.641111111),9978681,0.936,2019-01-01T00:00:00Z
Belgium,Point(4.668055555 50.641111111),7405570,0.936,2019-01-01T00:00:00Z
Belgium,Point(4.668055555 50.641111111),10951266,0.936,2019-01-01T00:00:00Z
Belgium,Point(4.668055555 50.641111111),10004486,0.931,2017-01-01T00:00:00Z
Belgium,Point(4.668055555 50.641111111),9978681,0.931,2017-01-01T00:00:00Z
Belgium,Point(4.668055555 50.641111111),7405570,0.931,2017-01-01T00:00:00Z
Belgium,Point(4.668055555 50.641111111),10951266,0.931,2017-01-01T00:00:00Z
Belgium,Point(4.668055555 50.641111111),10004486,0.937,2021-01-01T00:00:00Z
Belgium,Point(4.668055555 50.641111111),9978681,0.937,2021-01-01T00:00:00Z
Belgium,Point(4.668055555 50.641111111),7405570,0.937,2021-01-01T00:00:00Z
Belgium,Point(4.668055555 50.641111111),10004486,0.924,2015-01-01T00:00:00Z
Belgium,Point(4.668055555 50.641111111),9978681,0.924,2015-01-01T00:00:00Z
Belgium,Point(4.668055555 50.641111111),7405570,0.924,2015-01-01T00:00:00Z
Belgium,Point(4.668055555 50.641111111),10004486,0.928,2020-01-01T00:00:00Z
Belgium,Point(4.668055555 50.641111111),9978681,0.928,2020-01-01T00:00:00Z
Belgium,Point(4.668055555 50.641111111),7405570,0.928,2020-01-01T00:00:00Z
Belgium,Point(4.668055555 50.641111111),10004486,0.921,2014-01-01T00:00:00Z
Belgium,Point(4.668055555 50.641111111),9978681,0.921,2014-01-01T00:00:00Z
Belgium,Point(4.668055555 50.641111111),7405570,0.921,2014-01-01T00:00:00Z
Belgium,Point(4.668055555 50.641111111),10004486,0.927,2016-01-01T00:00:00Z
Belgium,Point(4.668055555 50.641111111),9978681,0.927,2016-01-01T00:00:00Z
Belgium,Point(4.668055555 50.641111111),7405570,0.927,2016-01-01T00:00:00Z
Belgium,Point(4.668055555 50.641111111),10004486,0.933,2018-01-01T00:00:00Z
Belgium,Point(4.668055555 50.641111111),9978681,0.933,2018-01-01T00:00:00Z
Belgium,Point(4.668055555 50.641111111),7405570,0.933,2018-01-01T00:00:00Z
Belgium,Point(4.668055555 50.641111111),10004486,0.916,2013-01-01T00:00:00Z
Belgium,Point(4.668055555 50.641111111),9978681,0.916,2013-01-01T00:00:00Z
Belgium,Point(4.668055555 50.641111111),7405570,0.916,2013-01-01T00:00:00Z
Belgium,Point(4.668055555 50.641111111),9463667,0.936,2019-01-01T00:00:00Z
Belgium,Point(4.668055555 50.641111111),10920272,0.936,2019-01-01T00:00:00Z
Belgium,Point(4.668055555 50.641111111),10421137,0.936,2019-01-01T00:00:00Z
Belgium,Point(4.668055555 50.641111111),9463667,0.931,2017-01-01T00:00:00Z
Belgium,Point(4.668055555 50.641111111),10920272,0.931,2017-01-01T00:00:00Z
Belgium,Point(4.668055555 50.641111111),10421137,0.931,2017-01-01T00:00:00Z
Belgium,Point(4.668055555 50.641111111),10951266,0.937,2021-01-01T00:00:00Z
Belgium,Point(4.668055555 50.641111111),9463667,0.937,2021-01-01T00:00:00Z
Belgium,Point(4.668055555 50.641111111),10920272,0.937,2021-01-01T00:00:00Z
Belgium,Point(4.668055555 50.641111111),10421137,0.937,2021-01-01T00:00:00Z
Belgium,Point(4.668055555 50.641111111),10951266,0.924,2015-01-01T00:00:00Z
Belgium,Point(4.668055555 50.641111111),9463667,0.924,2015-01-01T00:00:00Z
Belgium,Point(4.668055555 50.641111111),10920272,0.924,2015-01-01T00:00:00Z
Belgium,Point(4.668055555 50.641111111),10951266,0.928,2020-01-01T00:00:00Z
Belgium,Point(4.668055555 50.641111111),9463667,0.928,2020-01-01T00:00:00Z
Belgium,Point(4.668055555 50.641111111),10920272,0.928,2020-01-01T00:00:00Z
Belgium,Point(4.668055555 50.641111111),10951266,0.921,2014-01-01T00:00:00Z
Belgium,Point(4.668055555 50.641111111),9463667,0.921,2014-01-01T00:00:00Z
Belgium,Point(4.668055555 50.641111111),10920272,0.921,2014-01-01T00:00:00Z
Belgium,Point(4.668055555 50.641111111),10951266,0.927,2016-01-01T00:00:00Z
Belgium,Point(4.668055555 50.641111111),9463667,0.927,2016-01-01T00:00:00Z
Belgium,Point(4.668055555 50.641111111),10920272,0.927,2016-01-01T00:00:00Z
Belgium,Point(4.668055555 50.641111111),10951266,0.933,2018-01-01T00:00:00Z
Belgium,Point(4.668055555 50.641111111),9463667,0.933,2018-01-01T00:00:00Z
Belgium,Point(4.668055555 50.641111111),10920272,0.933,2018-01-01T00:00:00Z
Belgium,Point(4.668055555 50.641111111),10951266,0.916,2013-01-01T00:00:00Z
Belgium,Point(4.668055555 50.641111111),9463667,0.916,2013-01-01T00:00:00Z
Belgium,Point(4.668055555 50.641111111),10920272,0.916,2013-01-01T00:00:00Z
Belgium,Point(4.668055555 50.641111111),10226419,0.936,2019-01-01T00:00:00Z
Belgium,Point(4.668055555 50.641111111),9967379,0.936,2019-01-01T00:00:00Z
Belgium,Point(4.668055555 50.641111111),9848647,0.936,2019-01-01T00:00:00Z
Belgium,Point(4.668055555 50.641111111),10226419,0.931,2017-01-01T00:00:00Z
Belgium,Point(4.668055555 50.641111111),9967379,0.931,2017-01-01T00:00:00Z
Belgium,Point(4.668055555 50.641111111),9848647,0.931,2017-01-01T00:00:00Z
Belgium,Point(4.668055555 50.641111111),10226419,0.937,2021-01-01T00:00:00Z
Belgium,Point(4.668055555 50.641111111),9967379,0.937,2021-01-01T00:00:00Z
Belgium,Point(4.668055555 50.641111111),9848647,0.937,2021-01-01T00:00:00Z
Belgium,Point(4.668055555 50.641111111),10421137,0.924,2015-01-01T00:00:00Z
Belgium,Point(4.668055555 50.641111111),10226419,0.924,2015-01-01T00:00:00Z
Belgium,Point(4.668055555 50.641111111),9967379,0.924,2015-01-01T00:00:00Z
Belgium,Point(4.668055555 50.641111111),9848647,0.924,2015-01-01T00:00:00Z
Belgium,Point(4.668055555 50.641111111),10421137,0.928,2020-01-01T00:00:00Z
Belgium,Point(4.668055555 50.641111111),10226419,0.928,2020-01-01T00:00:00Z
Belgium,Point(4.668055555 50.641111111),9967379,0.928,2020-01-01T00:00:00Z
Belgium,Point(4.668055555 50.641111111),9848647,0.928,2020-01-01T00:00:00Z
Belgium,Point(4.668055555 50.641111111),10421137,0.921,2014-01-01T00:00:00Z
Belgium,Point(4.668055555 50.641111111),10226419,0.921,2014-01-01T00:00:00Z
Belgium,Point(4.668055555 50.641111111),9967379,0.921,2014-01-01T00:00:00Z
Belgium,Point(4.668055555 50.641111111),10421137,0.927,2016-01-01T00:00:00Z
Belgium,Point(4.668055555 50.641111111),10226419,0.927,2016-01-01T00:00:00Z
Belgium,Point(4.668055555 50.641111111),9967379,0.927,2016-01-01T00:00:00Z
Belgium,Point(4.668055555 50.641111111),10421137,0.933,2018-01-01T00:00:00Z
Belgium,Point(4.668055555 50.641111111),10226419,0.933,2018-01-01T00:00:00Z
Belgium,Point(4.668055555 50.641111111),9967379,0.933,2018-01-01T00:00:00Z
Belgium,Point(4.668055555 50.641111111),10421137,0.916,2013-01-01T00:00:00Z
Belgium,Point(4.668055555 50.641111111),10226419,0.916,2013-01-01T00:00:00Z
Belgium,Point(4.668055555 50.641111111),9967379,0.916,2013-01-01T00:00:00Z
Belgium,Point(4.668055555 50.641111111),10309725,0.936,2019-01-01T00:00:00Z
Belgium,Point(4.668055555 50.641111111),4827834,0.936,2019-01-01T00:00:00Z
Belgium,Point(4.668055555 50.641111111),10115603,0.936,2019-01-01T00:00:00Z
Belgium,Point(4.668055555 50.641111111),10309725,0.931,2017-01-01T00:00:00Z
Belgium,Point(4.668055555 50.641111111),4827834,0.931,2017-01-01T00:00:00Z
Belgium,Point(4.668055555 50.641111111),10115603,0.931,2017-01-01T00:00:00Z
Belgium,Point(4.668055555 50.641111111),10309725,0.937,2021-01-01T00:00:00Z
Belgium,Point(4.668055555 50.641111111),4827834,0.937,2021-01-01T00:00:00Z
Belgium,Point(4.668055555 50.641111111),10115603,0.937,2021-01-01T00:00:00Z
Belgium,Point(4.668055555 50.641111111),10309725,0.924,2015-01-01T00:00:00Z
Belgium,Point(4.668055555 50.641111111),4827834,0.924,2015-01-01T00:00:00Z
Belgium,Point(4.668055555 50.641111111),10115603,0.924,2015-01-01T00:00:00Z
Belgium,Point(4.668055555 50.641111111),10309725,0.928,2020-01-01T00:00:00Z
Belgium,Point(4.668055555 50.641111111),4827834,0.928,2020-01-01T00:00:00Z
Belgium,Point(4.668055555 50.641111111),10115603,0.928,2020-01-01T00:00:00Z
Belgium,Point(4.668055555 50.641111111),10309725,0.921,2014-01-01T00:00:00Z
Belgium,Point(4.668055555 50.641111111),4827834,0.921,2014-01-01T00:00:00Z
Belgium,Point(4.668055555 50.641111111),10115603,0.921,2014-01-01T00:00:00Z
Belgium,Point(4.668055555 50.641111111),10309725,0.927,2016-01-01T00:00:00Z
Belgium,Point(4.668055555 50.641111111),4827834,0.927,2016-01-01T00:00:00Z
Belgium,Point(4.668055555 50.641111111),10115603,0.927,2016-01-01T00:00:00Z
Belgium,Point(4.668055555 50.641111111),10309725,0.933,2018-01-01T00:00:00Z
Belgium,Point(4.668055555 50.641111111),4827834,0.933,2018-01-01T00:00:00Z
Belgium,Point(4.668055555 50.641111111),10115603,0.933,2018-01-01T00:00:00Z
Belgium,Point(4.668055555 50.641111111),10192264,0.916,2013-01-01T00:00:00Z
Belgium,Point(4.668055555 50.641111111),10309725,0.916,2013-01-01T00:00:00Z
Belgium,Point(4.668055555 50.641111111),4827834,0.916,2013-01-01T00:00:00Z
Belgium,Point(4.668055555 50.641111111),10115603,0.916,2013-01-01T00:00:00Z
Belgium,Point(4.668055555 50.641111111),9189737,0.936,2019-01-01T00:00:00Z
Belgium,Point(4.668055555 50.641111111),10181245,0.936,2019-01-01T00:00:00Z
Belgium,Point(4.668055555 50.641111111),10192264,0.936,2019-01-01T00:00:00Z
Belgium,Point(4.668055555 50.641111111),9189737,0.931,2017-01-01T00:00:00Z
Belgium,Point(4.668055555 50.641111111),10181245,0.931,2017-01-01T00:00:00Z
Belgium,Point(4.668055555 50.641111111),10192264,0.931,2017-01-01T00:00:00Z
Belgium,Point(4.668055555 50.641111111),9189737,0.937,2021-01-01T00:00:00Z
Belgium,Point(4.668055555 50.641111111),10181245,0.937,2021-01-01T00:00:00Z
Belgium,Point(4.668055555 50.641111111),10192264,0.937,2021-01-01T00:00:00Z
Belgium,Point(4.668055555 50.641111111),9189737,0.924,2015-01-01T00:00:00Z
Belgium,Point(4.668055555 50.641111111),10181245,0.924,2015-01-01T00:00:00Z
Belgium,Point(4.668055555 50.641111111),10192264,0.924,2015-01-01T00:00:00Z
Belgium,Point(4.668055555 50.641111111),9189737,0.928,2020-01-01T00:00:00Z
Belgium,Point(4.668055555 50.641111111),10181245,0.928,2020-01-01T00:00:00Z
Belgium,Point(4.668055555 50.641111111),10192264,0.928,2020-01-01T00:00:00Z
Belgium,Point(4.668055555 50.641111111),9848647,0.921,2014-01-01T00:00:00Z
Belgium,Point(4.668055555 50.641111111),9189737,0.921,2014-01-01T00:00:00Z
Belgium,Point(4.668055555 50.641111111),10181245,0.921,2014-01-01T00:00:00Z
Belgium,Point(4.668055555 50.641111111),10192264,0.921,2014-01-01T00:00:00Z
Belgium,Point(4.668055555 50.641111111),9848647,0.927,2016-01-01T00:00:00Z
Belgium,Point(4.668055555 50.641111111),9189737,0.927,2016-01-01T00:00:00Z
Belgium,Point(4.668055555 50.641111111),10181245,0.927,2016-01-01T00:00:00Z
Belgium,Point(4.668055555 50.641111111),10192264,0.927,2016-01-01T00:00:00Z
Belgium,Point(4.668055555 50.641111111),9848647,0.933,2018-01-01T00:00:00Z
Belgium,Point(4.668055555 50.641111111),9189737,0.933,2018-01-01T00:00:00Z
Belgium,Point(4.668055555 50.641111111),10181245,0.933,2018-01-01T00:00:00Z
Belgium,Point(4.668055555 50.641111111),10192264,0.933,2018-01-01T00:00:00Z
Belgium,Point(4.668055555 50.641111111),9848647,0.916,2013-01-01T00:00:00Z
Belgium,Point(4.668055555 50.641111111),9189737,0.916,2013-01-01T00:00:00Z
Belgium,Point(4.668055555 50.641111111),10181245,0.916,2013-01-01T00:00:00Z
Belgium,Point(4.668055555 50.641111111),10136811,0.936,2019-01-01T00:00:00Z
Belgium,Point(4.668055555 50.641111111),9861823,0.936,2019-01-01T00:00:00Z
Belgium,Point(4.668055555 50.641111111),6693546,0.936,2019-01-01T00:00:00Z
Belgium,Point(4.668055555 50.641111111),10136811,0.931,2017-01-01T00:00:00Z
Belgium,Point(4.668055555 50.641111111),9861823,0.931,2017-01-01T00:00:00Z
Belgium,Point(4.668055555 50.641111111),6693546,0.931,2017-01-01T00:00:00Z
Belgium,Point(4.668055555 50.641111111),10136811,0.937,2021-01-01T00:00:00Z
Belgium,Point(4.668055555 50.641111111),9861823,0.937,2021-01-01T00:00:00Z
Belgium,Point(4.668055555 50.641111111),6693546,0.937,2021-01-01T00:00:00Z
Belgium,Point(4.668055555 50.641111111),10136811,0.924,2015-01-01T00:00:00Z
Belgium,Point(4.668055555 50.641111111),9861823,0.924,2015-01-01T00:00:00Z
Belgium,Point(4.668055555 50.641111111),6693546,0.924,2015-01-01T00:00:00Z
Belgium,Point(4.668055555 50.641111111),10136811,0.928,2020-01-01T00:00:00Z
Belgium,Point(4.668055555 50.641111111),9861823,0.928,2020-01-01T00:00:00Z
Belgium,Point(4.668055555 50.641111111),6693546,0.928,2020-01-01T00:00:00Z
Belgium,Point(4.668055555 50.641111111),10136811,0.921,2014-01-01T00:00:00Z
Belgium,Point(4.668055555 50.641111111),9861823,0.921,2014-01-01T00:00:00Z
Belgium,Point(4.668055555 50.641111111),6693546,0.921,2014-01-01T00:00:00Z
Belgium,Point(4.668055555 50.641111111),10136811,0.927,2016-01-01T00:00:00Z
Belgium,Point(4.668055555 50.641111111),9861823,0.927,2016-01-01T00:00:00Z
Belgium,Point(4.668055555 50.641111111),6693546,0.927,2016-01-01T00:00:00Z
Belgium,Point(4.668055555 50.641111111),10136811,0.933,2018-01-01T00:00:00Z
Belgium,Point(4.668055555 50.641111111),9861823,0.933,2018-01-01T00:00:00Z
Belgium,Point(4.668055555 50.641111111),6693546,0.933,2018-01-01T00:00:00Z
Belgium,Point(4.668055555 50.641111111),10136811,0.916,2013-01-01T00:00:00Z
Belgium,Point(4.668055555 50.641111111),9861823,0.916,2013-01-01T00:00:00Z
Belgium,Point(4.668055555 50.641111111),6693546,0.916,2013-01-01T00:00:00Z
Belgium,Point(4.668055555 50.641111111),10665140,0.936,2019-01-01T00:00:00Z
Belgium,Point(4.668055555 50.641111111),10130398,0.936,2019-01-01T00:00:00Z
Belgium,Point(4.668055555 50.641111111),10203008,0.936,2019-01-01T00:00:00Z
Belgium,Point(4.668055555 50.641111111),10665140,0.931,2017-01-01T00:00:00Z
Belgium,Point(4.668055555 50.641111111),10130398,0.931,2017-01-01T00:00:00Z
Belgium,Point(4.668055555 50.641111111),10203008,0.931,2017-01-01T00:00:00Z
Belgium,Point(4.668055555 50.641111111),10665140,0.937,2021-01-01T00:00:00Z
Belgium,Point(4.668055555 50.641111111),10130398,0.937,2021-01-01T00:00:00Z
Belgium,Point(4.668055555 50.641111111),10203008,0.937,2021-01-01T00:00:00Z
Belgium,Point(4.668055555 50.641111111),10665140,0.924,2015-01-01T00:00:00Z
Belgium,Point(4.668055555 50.641111111),10130398,0.924,2015-01-01T00:00:00Z
Belgium,Point(4.668055555 50.641111111),10203008,0.924,2015-01-01T00:00:00Z
Belgium,Point(4.668055555 50.641111111),10665140,0.928,2020-01-01T00:00:00Z
Belgium,Point(4.668055555 50.641111111),10130398,0.928,2020-01-01T00:00:00Z
Belgium,Point(4.668055555 50.641111111),10203008,0.928,2020-01-01T00:00:00Z
Belgium,Point(4.668055555 50.641111111),10665140,0.921,2014-01-01T00:00:00Z
Belgium,Point(4.668055555 50.641111111),10130398,0.921,2014-01-01T00:00:00Z
Belgium,Point(4.668055555 50.641111111),10203008,0.921,2014-01-01T00:00:00Z
Belgium,Point(4.668055555 50.641111111),10665140,0.927,2016-01-01T00:00:00Z
Belgium,Point(4.668055555 50.641111111),10130398,0.927,2016-01-01T00:00:00Z
Belgium,Point(4.668055555 50.641111111),10203008,0.927,2016-01-01T00:00:00Z
Belgium,Point(4.668055555 50.641111111),10665140,0.933,2018-01-01T00:00:00Z
Belgium,Point(4.668055555 50.641111111),10130398,0.933,2018-01-01T00:00:00Z
Belgium,Point(4.668055555 50.641111111),10203008,0.933,2018-01-01T00:00:00Z
Belgium,Point(4.668055555 50.641111111),10665140,0.916,2013-01-01T00:00:00Z
Belgium,Point(4.668055555 50.641111111),10130398,0.916,2013-01-01T00:00:00Z
Belgium,Point(4.668055555 50.641111111),10203008,0.916,2013-01-01T00:00:00Z
Belgium,Point(4.668055555 50.641111111),10045158,0.936,2019-01-01T00:00:00Z
Belgium,Point(4.668055555 50.641111111),9839534,0.936,2019-01-01T00:00:00Z
Belgium,Point(4.668055555 50.641111111),11047744,0.936,2019-01-01T00:00:00Z
Belgium,Point(4.668055555 50.641111111),10625700,0.936,2019-01-01T00:00:00Z
Belgium,Point(4.668055555 50.641111111),10045158,0.931,2017-01-01T00:00:00Z
Belgium,Point(4.668055555 50.641111111),9839534,0.931,2017-01-01T00:00:00Z
Belgium,Point(4.668055555 50.641111111),11047744,0.931,2017-01-01T00:00:00Z
Belgium,Point(4.668055555 50.641111111),10045158,0.937,2021-01-01T00:00:00Z
Belgium,Point(4.668055555 50.641111111),9839534,0.937,2021-01-01T00:00:00Z
Belgium,Point(4.668055555 50.641111111),11047744,0.937,2021-01-01T00:00:00Z
Belgium,Point(4.668055555 50.641111111),10045158,0.924,2015-01-01T00:00:00Z
Belgium,Point(4.668055555 50.641111111),9839534,0.924,2015-01-01T00:00:00Z
Belgium,Point(4.668055555 50.641111111),11047744,0.924,2015-01-01T00:00:00Z
Belgium,Point(4.668055555 50.641111111),10045158,0.928,2020-01-01T00:00:00Z
Belgium,Point(4.668055555 50.641111111),9839534,0.928,2020-01-01T00:00:00Z
Belgium,Point(4.668055555 50.641111111),11047744,0.928,2020-01-01T00:00:00Z
Belgium,Point(4.668055555 50.641111111),10045158,0.921,2014-01-01T00:00:00Z
Belgium,Point(4.668055555 50.641111111),9839534,0.921,2014-01-01T00:00:00Z
Belgium,Point(4.668055555 50.641111111),11047744,0.921,2014-01-01T00:00:00Z
Belgium,Point(4.668055555 50.641111111),10045158,0.927,2016-01-01T00:00:00Z
Belgium,Point(4.668055555 50.641111111),9839534,0.927,2016-01-01T00:00:00Z
Belgium,Point(4.668055555 50.641111111),11047744,0.927,2016-01-01T00:00:00Z
Belgium,Point(4.668055555 50.641111111),10045158,0.933,2018-01-01T00:00:00Z
Belgium,Point(4.668055555 50.641111111),9839534,0.933,2018-01-01T00:00:00Z
Belgium,Point(4.668055555 50.641111111),11047744,0.933,2018-01-01T00:00:00Z
Belgium,Point(4.668055555 50.641111111),10045158,0.916,2013-01-01T00:00:00Z
Belgium,Point(4.668055555 50.641111111),9839534,0.916,2013-01-01T00:00:00Z
Belgium,Point(4.668055555 50.641111111),11047744,0.916,2013-01-01T00:00:00Z
Belgium,Point(4.668055555 50.641111111),8512185,0.936,2019-01-01T00:00:00Z
Belgium,Point(4.668055555 50.641111111),9220578,0.936,2019-01-01T00:00:00Z
Belgium,Point(4.668055555 50.641111111),10666866,0.936,2019-01-01T00:00:00Z
Belgium,Point(4.668055555 50.641111111),8512185,0.931,2017-01-01T00:00:00Z
Belgium,Point(4.668055555 50.641111111),9220578,0.931,2017-01-01T00:00:00Z
Belgium,Point(4.668055555 50.641111111),10666866,0.931,2017-01-01T00:00:00Z
Belgium,Point(4.668055555 50.641111111),8512185,0.937,2021-01-01T00:00:00Z
Belgium,Point(4.668055555 50.641111111),9220578,0.937,2021-01-01T00:00:00Z
Belgium,Point(4.668055555 50.641111111),10666866,0.937,2021-01-01T00:00:00Z
Belgium,Point(4.668055555 50.641111111),8512185,0.924,2015-01-01T00:00:00Z
Belgium,Point(4.668055555 50.641111111),9220578,0.924,2015-01-01T00:00:00Z
Belgium,Point(4.668055555 50.641111111),10666866,0.924,2015-01-01T00:00:00Z
Belgium,Point(4.668055555 50.641111111),8512185,0.928,2020-01-01T00:00:00Z
Belgium,Point(4.668055555 50.641111111),9220578,0.928,2020-01-01T00:00:00Z
Belgium,Point(4.668055555 50.641111111),10666866,0.928,2020-01-01T00:00:00Z
Belgium,Point(4.668055555 50.641111111),9859242,0.921,2014-01-01T00:00:00Z
Belgium,Point(4.668055555 50.641111111),8512185,0.921,2014-01-01T00:00:00Z
Belgium,Point(4.668055555 50.641111111),9220578,0.921,2014-01-01T00:00:00Z
Belgium,Point(4.668055555 50.641111111),10666866,0.921,2014-01-01T00:00:00Z
Belgium,Point(4.668055555 50.641111111),9859242,0.927,2016-01-01T00:00:00Z
Belgium,Point(4.668055555 50.641111111),8512185,0.927,2016-01-01T00:00:00Z
Belgium,Point(4.668055555 50.641111111),9220578,0.927,2016-01-01T00:00:00Z
Belgium,Point(4.668055555 50.641111111),10666866,0.927,2016-01-01T00:00:00Z
Belgium,Point(4.668055555 50.641111111),9859242,0.933,2018-01-01T00:00:00Z
Belgium,Point(4.668055555 50.641111111),8512185,0.933,2018-01-01T00:00:00Z
Belgium,Point(4.668055555 50.641111111),9220578,0.933,2018-01-01T00:00:00Z
Belgium,Point(4.668055555 50.641111111),10666866,0.933,2018-01-01T00:00:00Z
Belgium,Point(4.668055555 50.641111111),9859242,0.916,2013-01-01T00:00:00Z
Belgium,Point(4.668055555 50.641111111),8512185,0.916,2013-01-01T00:00:00Z
Belgium,Point(4.668055555 50.641111111),9220578,0.916,2013-01-01T00:00:00Z
Belgium,Point(4.668055555 50.641111111),11431406,0.936,2019-01-01T00:00:00Z
Belgium,Point(4.668055555 50.641111111),9818227,0.936,2019-01-01T00:00:00Z
Belgium,Point(4.668055555 50.641111111),11209044,0.936,2019-01-01T00:00:00Z
Belgium,Point(4.668055555 50.641111111),11431406,0.931,2017-01-01T00:00:00Z
Belgium,Point(4.668055555 50.641111111),9818227,0.931,2017-01-01T00:00:00Z
Belgium,Point(4.668055555 50.641111111),11209044,0.931,2017-01-01T00:00:00Z
Belgium,Point(4.668055555 50.641111111),10376133,0.937,2021-01-01T00:00:00Z
Belgium,Point(4.668055555 50.641111111),11431406,0.937,2021-01-01T00:00:00Z
Belgium,Point(4.668055555 50.641111111),9818227,0.937,2021-01-01T00:00:00Z
Belgium,Point(4.668055555 50.641111111),11209044,0.937,2021-01-01T00:00:00Z
Belgium,Point(4.668055555 50.641111111),10376133,0.924,2015-01-01T00:00:00Z
Belgium,Point(4.668055555 50.641111111),11431406,0.924,2015-01-01T00:00:00Z
Belgium,Point(4.668055555 50.641111111),9818227,0.924,2015-01-01T00:00:00Z
Belgium,Point(4.668055555 50.641111111),10376133,0.928,2020-01-01T00:00:00Z
Belgium,Point(4.668055555 50.641111111),11431406,0.928,2020-01-01T00:00:00Z
Belgium,Point(4.668055555 50.641111111),9818227,0.928,2020-01-01T00:00:00Z
Belgium,Point(4.668055555 50.641111111),10376133,0.921,2014-01-01T00:00:00Z
Belgium,Point(4.668055555 50.641111111),11431406,0.921,2014-01-01T00:00:00Z
Belgium,Point(4.668055555 50.641111111),9818227,0.921,2014-01-01T00:00:00Z
Belgium,Point(4.668055555 50.641111111),10376133,0.927,2016-01-01T00:00:00Z
Belgium,Point(4.668055555 50.641111111),11431406,0.927,2016-01-01T00:00:00Z
Belgium,Point(4.668055555 50.641111111),9818227,0.927,2016-01-01T00:00:00Z
Belgium,Point(4.668055555 50.641111111),10376133,0.933,2018-01-01T00:00:00Z
Belgium,Point(4.668055555 50.641111111),11431406,0.933,2018-01-01T00:00:00Z
Belgium,Point(4.668055555 50.641111111),9818227,0.933,2018-01-01T00:00:00Z
Belgium,Point(4.668055555 50.641111111),10376133,0.916,2013-01-01T00:00:00Z
Belgium,Point(4.668055555 50.641111111),11431406,0.916,2013-01-01T00:00:00Z
Belgium,Point(4.668055555 50.641111111),9818227,0.916,2013-01-01T00:00:00Z
Belgium,Point(4.668055555 50.641111111),10309725,0.936,2019-01-01T00:00:00Z
Belgium,Point(4.668055555 50.641111111),10355844,0.936,2019-01-01T00:00:00Z
Belgium,Point(4.668055555 50.641111111),9183948,0.936,2019-01-01T00:00:00Z
Belgium,Point(4.668055555 50.641111111),10309725,0.931,2017-01-01T00:00:00Z
Belgium,Point(4.668055555 50.641111111),10355844,0.931,2017-01-01T00:00:00Z
Belgium,Point(4.668055555 50.641111111),9183948,0.931,2017-01-01T00:00:00Z
Belgium,Point(4.668055555 50.641111111),10309725,0.937,2021-01-01T00:00:00Z
Belgium,Point(4.668055555 50.641111111),10355844,0.937,2021-01-01T00:00:00Z
Belgium,Point(4.668055555 50.641111111),9183948,0.937,2021-01-01T00:00:00Z
Belgium,Point(4.668055555 50.641111111),10309725,0.924,2015-01-01T00:00:00Z
Belgium,Point(4.668055555 50.641111111),10355844,0.924,2015-01-01T00:00:00Z
Belgium,Point(4.668055555 50.641111111),9183948,0.924,2015-01-01T00:00:00Z
Belgium,Point(4.668055555 50.641111111),10309725,0.928,2020-01-01T00:00:00Z
Belgium,Point(4.668055555 50.641111111),10355844,0.928,2020-01-01T00:00:00Z
Belgium,Point(4.668055555 50.641111111),9183948,0.928,2020-01-01T00:00:00Z
Belgium,Point(4.668055555 50.641111111),10309725,0.921,2014-01-01T00:00:00Z
Belgium,Point(4.668055555 50.641111111),10355844,0.921,2014-01-01T00:00:00Z
Belgium,Point(4.668055555 50.641111111),9183948,0.921,2014-01-01T00:00:00Z
Belgium,Point(4.668055555 50.641111111),10309725,0.927,2016-01-01T00:00:00Z
Belgium,Point(4.668055555 50.641111111),10355844,0.927,2016-01-01T00:00:00Z
Belgium,Point(4.668055555 50.641111111),9183948,0.927,2016-01-01T00:00:00Z
Belgium,Point(4.668055555 50.641111111),10309725,0.933,2018-01-01T00:00:00Z
Belgium,Point(4.668055555 50.641111111),10355844,0.933,2018-01-01T00:00:00Z
Belgium,Point(4.668055555 50.641111111),9183948,0.933,2018-01-01T00:00:00Z
Belgium,Point(4.668055555 50.641111111),10666866,0.916,2013-01-01T00:00:00Z
Belgium,Point(4.668055555 50.641111111),10309725,0.916,2013-01-01T00:00:00Z
Belgium,Point(4.668055555 50.641111111),10355844,0.916,2013-01-01T00:00:00Z
Belgium,Point(4.668055555 50.641111111),9183948,0.916,2013-01-01T00:00:00Z
Belgium,Point(4.668055555 50.641111111),9937697,0.936,2019-01-01T00:00:00Z
Belgium,Point(4.668055555 50.641111111),9741720,0.936,2019-01-01T00:00:00Z
Belgium,Point(4.668055555 50.641111111),10376133,0.936,2019-01-01T00:00:00Z
Belgium,Point(4.668055555 50.641111111),10625700,0.931,2017-01-01T00:00:00Z
Belgium,Point(4.668055555 50.641111111),9937697,0.931,2017-01-01T00:00:00Z
Belgium,Point(4.668055555 50.641111111),9741720,0.931,2017-01-01T00:00:00Z
Belgium,Point(4.668055555 50.641111111),10376133,0.931,2017-01-01T00:00:00Z
Belgium,Point(4.668055555 50.641111111),10625700,0.937,2021-01-01T00:00:00Z
Belgium,Point(4.668055555 50.641111111),9937697,0.937,2021-01-01T00:00:00Z
Belgium,Point(4.668055555 50.641111111),9741720,0.937,2021-01-01T00:00:00Z
Belgium,Point(4.668055555 50.641111111),10625700,0.924,2015-01-01T00:00:00Z
Belgium,Point(4.668055555 50.641111111),9937697,0.924,2015-01-01T00:00:00Z
Belgium,Point(4.668055555 50.641111111),9741720,0.924,2015-01-01T00:00:00Z
Belgium,Point(4.668055555 50.641111111),10625700,0.928,2020-01-01T00:00:00Z
Belgium,Point(4.668055555 50.641111111),9937697,0.928,2020-01-01T00:00:00Z
Belgium,Point(4.668055555 50.641111111),9741720,0.928,2020-01-01T00:00:00Z
Belgium,Point(4.668055555 50.641111111),10625700,0.921,2014-01-01T00:00:00Z
Belgium,Point(4.668055555 50.641111111),9937697,0.921,2014-01-01T00:00:00Z
Belgium,Point(4.668055555 50.641111111),9741720,0.921,2014-01-01T00:00:00Z
Belgium,Point(4.668055555 50.641111111),10625700,0.927,2016-01-01T00:00:00Z
Belgium,Point(4.668055555 50.641111111),9937697,0.927,2016-01-01T00:00:00Z
Belgium,Point(4.668055555 50.641111111),9741720,0.927,2016-01-01T00:00:00Z
Belgium,Point(4.668055555 50.641111111),10625700,0.933,2018-01-01T00:00:00Z
Belgium,Point(4.668055555 50.641111111),9937697,0.933,2018-01-01T00:00:00Z
Belgium,Point(4.668055555 50.641111111),9741720,0.933,2018-01-01T00:00:00Z
Belgium,Point(4.668055555 50.641111111),10625700,0.916,2013-01-01T00:00:00Z
Belgium,Point(4.668055555 50.641111111),9937697,0.916,2013-01-01T00:00:00Z
Belgium,Point(4.668055555 50.641111111),9741720,0.916,2013-01-01T00:00:00Z
Belgium,Point(4.668055555 50.641111111),11584008,0.936,2019-01-01T00:00:00Z
Belgium,Point(4.668055555 50.641111111),11267910,0.936,2019-01-01T00:00:00Z
Belgium,Point(4.668055555 50.641111111),9859242,0.936,2019-01-01T00:00:00Z
Belgium,Point(4.668055555 50.641111111),11584008,0.931,2017-01-01T00:00:00Z
Belgium,Point(4.668055555 50.641111111),11267910,0.931,2017-01-01T00:00:00Z
Belgium,Point(4.668055555 50.641111111),9859242,0.931,2017-01-01T00:00:00Z
Belgium,Point(4.668055555 50.641111111),11584008,0.937,2021-01-01T00:00:00Z
Belgium,Point(4.668055555 50.641111111),11267910,0.937,2021-01-01T00:00:00Z
Belgium,Point(4.668055555 50.641111111),9859242,0.937,2021-01-01T00:00:00Z
Belgium,Point(4.668055555 50.641111111),11209044,0.924,2015-01-01T00:00:00Z
Belgium,Point(4.668055555 50.641111111),11584008,0.924,2015-01-01T00:00:00Z
Belgium,Point(4.668055555 50.641111111),11267910,0.924,2015-01-01T00:00:00Z
Belgium,Point(4.668055555 50.641111111),9859242,0.924,2015-01-01T00:00:00Z
Belgium,Point(4.668055555 50.641111111),11209044,0.928,2020-01-01T00:00:00Z
Belgium,Point(4.668055555 50.641111111),11584008,0.928,2020-01-01T00:00:00Z
Belgium,Point(4.668055555 50.641111111),11267910,0.928,2020-01-01T00:00:00Z
Belgium,Point(4.668055555 50.641111111),9859242,0.928,2020-01-01T00:00:00Z
Belgium,Point(4.668055555 50.641111111),11209044,0.921,2014-01-01T00:00:00Z
Belgium,Point(4.668055555 50.641111111),11584008,0.921,2014-01-01T00:00:00Z
Belgium,Point(4.668055555 50.641111111),11267910,0.921,2014-01-01T00:00:00Z
Belgium,Point(4.668055555 50.641111111),11209044,0.927,2016-01-01T00:00:00Z
Belgium,Point(4.668055555 50.641111111),11584008,0.927,2016-01-01T00:00:00Z
Belgium,Point(4.668055555 50.641111111),11267910,0.927,2016-01-01T00:00:00Z
Belgium,Point(4.668055555 50.641111111),11209044,0.933,2018-01-01T00:00:00Z
Belgium,Point(4.668055555 50.641111111),11584008,0.933,2018-01-01T00:00:00Z
Belgium,Point(4.668055555 50.641111111),11267910,0.933,2018-01-01T00:00:00Z
Belgium,Point(4.668055555 50.641111111),11209044,0.916,2013-01-01T00:00:00Z
Belgium,Point(4.668055555 50.641111111),11584008,0.916,2013-01-01T00:00:00Z
Belgium,Point(4.668055555 50.641111111),11267910,0.916,2013-01-01T00:00:00Z
Belgium,Point(4.668055555 50.641111111),10100341,0.936,2019-01-01T00:00:00Z
Belgium,Point(4.668055555 50.641111111),9655549,0.936,2019-01-01T00:00:00Z
Belgium,Point(4.668055555 50.641111111),10239085,0.936,2019-01-01T00:00:00Z
Belgium,Point(4.668055555 50.641111111),10100341,0.931,2017-01-01T00:00:00Z
Belgium,Point(4.668055555 50.641111111),9655549,0.931,2017-01-01T00:00:00Z
Belgium,Point(4.668055555 50.641111111),10239085,0.931,2017-01-01T00:00:00Z
Belgium,Point(4.668055555 50.641111111),10100341,0.937,2021-01-01T00:00:00Z
Belgium,Point(4.668055555 50.641111111),9655549,0.937,2021-01-01T00:00:00Z
Belgium,Point(4.668055555 50.641111111),10239085,0.937,2021-01-01T00:00:00Z
Belgium,Point(4.668055555 50.641111111),10100341,0.924,2015-01-01T00:00:00Z
Belgium,Point(4.668055555 50.641111111),9655549,0.924,2015-01-01T00:00:00Z
Belgium,Point(4.668055555 50.641111111),10239085,0.924,2015-01-01T00:00:00Z
Belgium,Point(4.668055555 50.641111111),10100341,0.928,2020-01-01T00:00:00Z
Belgium,Point(4.668055555 50.641111111),9655549,0.928,2020-01-01T00:00:00Z
Belgium,Point(4.668055555 50.641111111),10239085,0.928,2020-01-01T00:00:00Z
Belgium,Point(4.668055555 50.641111111),10100341,0.921,2014-01-01T00:00:00Z
Belgium,Point(4.668055555 50.641111111),9655549,0.921,2014-01-01T00:00:00Z
Belgium,Point(4.668055555 50.641111111),10239085,0.921,2014-01-01T00:00:00Z
Belgium,Point(4.668055555 50.641111111),10100341,0.927,2016-01-01T00:00:00Z
Belgium,Point(4.668055555 50.641111111),9655549,0.927,2016-01-01T00:00:00Z
Belgium,Point(4.668055555 50.641111111),10239085,0.927,2016-01-01T00:00:00Z
Belgium,Point(4.668055555 50.641111111),10100341,0.933,2018-01-01T00:00:00Z
Belgium,Point(4.668055555 50.641111111),9655549,0.933,2018-01-01T00:00:00Z
Belgium,Point(4.668055555 50.641111111),10239085,0.933,2018-01-01T00:00:00Z
Belgium,Point(4.668055555 50.641111111),10100341,0.916,2013-01-01T00:00:00Z
Belgium,Point(4.668055555 50.641111111),9655549,0.916,2013-01-01T00:00:00Z
Belgium,Point(4.668055555 50.641111111),10239085,0.916,2013-01-01T00:00:00Z
Belgium,Point(4.668055555 50.641111111),9580991,0.936,2019-01-01T00:00:00Z
Belgium,Point(4.668055555 50.641111111),9858308,0.936,2019-01-01T00:00:00Z
Belgium,Point(4.668055555 50.641111111),10263414,0.936,2019-01-01T00:00:00Z
Belgium,Point(4.668055555 50.641111111),9580991,0.931,2017-01-01T00:00:00Z
Belgium,Point(4.668055555 50.641111111),9858308,0.931,2017-01-01T00:00:00Z
Belgium,Point(4.668055555 50.641111111),10263414,0.931,2017-01-01T00:00:00Z
Belgium,Point(4.668055555 50.641111111),9580991,0.937,2021-01-01T00:00:00Z
Belgium,Point(4.668055555 50.641111111),9858308,0.937,2021-01-01T00:00:00Z
Belgium,Point(4.668055555 50.641111111),10263414,0.937,2021-01-01T00:00:00Z
Belgium,Point(4.668055555 50.641111111),9580991,0.924,2015-01-01T00:00:00Z
Belgium,Point(4.668055555 50.641111111),9858308,0.924,2015-01-01T00:00:00Z
Belgium,Point(4.668055555 50.641111111),10263414,0.924,2015-01-01T00:00:00Z
Belgium,Point(4.668055555 50.641111111),9580991,0.928,2020-01-01T00:00:00Z
Belgium,Point(4.668055555 50.641111111),9858308,0.928,2020-01-01T00:00:00Z
Belgium,Point(4.668055555 50.641111111),10263414,0.928,2020-01-01T00:00:00Z
Belgium,Point(4.668055555 50.641111111),9580991,0.921,2014-01-01T00:00:00Z
Belgium,Point(4.668055555 50.641111111),9858308,0.921,2014-01-01T00:00:00Z
Belgium,Point(4.668055555 50.641111111),10263414,0.921,2014-01-01T00:00:00Z
Belgium,Point(4.668055555 50.641111111),9580991,0.927,2016-01-01T00:00:00Z
Belgium,Point(4.668055555 50.641111111),9858308,0.927,2016-01-01T00:00:00Z
Belgium,Point(4.668055555 50.641111111),10263414,0.927,2016-01-01T00:00:00Z
Belgium,Point(4.668055555 50.641111111),9580991,0.933,2018-01-01T00:00:00Z
Belgium,Point(4.668055555 50.641111111),9858308,0.933,2018-01-01T00:00:00Z
Belgium,Point(4.668055555 50.641111111),10263414,0.933,2018-01-01T00:00:00Z
Belgium,Point(4.668055555 50.641111111),9580991,0.916,2013-01-01T00:00:00Z
Belgium,Point(4.668055555 50.641111111),9858308,0.916,2013-01-01T00:00:00Z
Belgium,Point(4.668055555 50.641111111),10263414,0.916,2013-01-01T00:00:00Z
Belgium,Point(4.668055555 50.641111111),10355844,0.936,2019-01-01T00:00:00Z
Belgium,Point(4.668055555 50.641111111),10263414,0.936,2019-01-01T00:00:00Z
Belgium,Point(4.668055555 50.641111111),9901664,0.936,2019-01-01T00:00:00Z
Belgium,Point(4.668055555 50.641111111),9800700,0.936,2019-01-01T00:00:00Z
Belgium,Point(4.668055555 50.641111111),10355844,0.931,2017-01-01T00:00:00Z
Belgium,Point(4.668055555 50.641111111),10263414,0.931,2017-01-01T00:00:00Z
Belgium,Point(4.668055555 50.641111111),9901664,0.931,2017-01-01T00:00:00Z
Belgium,Point(4.668055555 50.641111111),10355844,0.937,2021-01-01T00:00:00Z
Belgium,Point(4.668055555 50.641111111),10263414,0.937,2021-01-01T00:00:00Z
Belgium,Point(4.668055555 50.641111111),9901664,0.937,2021-01-01T00:00:00Z
Belgium,Point(4.668055555 50.641111111),10355844,0.924,2015-01-01T00:00:00Z
Belgium,Point(4.668055555 50.641111111),10263414,0.924,2015-01-01T00:00:00Z
Belgium,Point(4.668055555 50.641111111),9901664,0.924,2015-01-01T00:00:00Z
Belgium,Point(4.668055555 50.641111111),10355844,0.928,2020-01-01T00:00:00Z
Belgium,Point(4.668055555 50.641111111),10263414,0.928,2020-01-01T00:00:00Z
Belgium,Point(4.668055555 50.641111111),9901664,0.928,2020-01-01T00:00:00Z
Belgium,Point(4.668055555 50.641111111),10355844,0.921,2014-01-01T00:00:00Z
Belgium,Point(4.668055555 50.641111111),10263414,0.921,2014-01-01T00:00:00Z
Belgium,Point(4.668055555 50.641111111),9901664,0.921,2014-01-01T00:00:00Z
Belgium,Point(4.668055555 50.641111111),10355844,0.927,2016-01-01T00:00:00Z
Belgium,Point(4.668055555 50.641111111),10263414,0.927,2016-01-01T00:00:00Z
Belgium,Point(4.668055555 50.641111111),9901664,0.927,2016-01-01T00:00:00Z
Belgium,Point(4.668055555 50.641111111),10355844,0.933,2018-01-01T00:00:00Z
Belgium,Point(4.668055555 50.641111111),10263414,0.933,2018-01-01T00:00:00Z
Belgium,Point(4.668055555 50.641111111),9901664,0.933,2018-01-01T00:00:00Z
Belgium,Point(4.668055555 50.641111111),10355844,0.916,2013-01-01T00:00:00Z
Belgium,Point(4.668055555 50.641111111),10263414,0.916,2013-01-01T00:00:00Z
Belgium,Point(4.668055555 50.641111111),9901664,0.916,2013-01-01T00:00:00Z
Belgium,Point(4.668055555 50.641111111),10584534,0.936,2019-01-01T00:00:00Z
Belgium,Point(4.668055555 50.641111111),9527807,0.936,2019-01-01T00:00:00Z
Belgium,Point(4.668055555 50.641111111),5520016,0.936,2019-01-01T00:00:00Z
Belgium,Point(4.668055555 50.641111111),9800700,0.931,2017-01-01T00:00:00Z
Belgium,Point(4.668055555 50.641111111),10584534,0.931,2017-01-01T00:00:00Z
Belgium,Point(4.668055555 50.641111111),9527807,0.931,2017-01-01T00:00:00Z
Belgium,Point(4.668055555 50.641111111),5520016,0.931,2017-01-01T00:00:00Z
Belgium,Point(4.668055555 50.641111111),9800700,0.937,2021-01-01T00:00:00Z
Belgium,Point(4.668055555 50.641111111),10584534,0.937,2021-01-01T00:00:00Z
Belgium,Point(4.668055555 50.641111111),9527807,0.937,2021-01-01T00:00:00Z
Belgium,Point(4.668055555 50.641111111),9800700,0.924,2015-01-01T00:00:00Z
Belgium,Point(4.668055555 50.641111111),10584534,0.924,2015-01-01T00:00:00Z
Belgium,Point(4.668055555 50.641111111),9527807,0.924,2015-01-01T00:00:00Z
Belgium,Point(4.668055555 50.641111111),9800700,0.928,2020-01-01T00:00:00Z
Belgium,Point(4.668055555 50.641111111),10584534,0.928,2020-01-01T00:00:00Z
Belgium,Point(4.668055555 50.641111111),9527807,0.928,2020-01-01T00:00:00Z
Belgium,Point(4.668055555 50.641111111),9800700,0.921,2014-01-01T00:00:00Z
Belgium,Point(4.668055555 50.641111111),10584534,0.921,2014-01-01T00:00:00Z
Belgium,Point(4.668055555 50.641111111),9527807,0.921,2014-01-01T00:00:00Z
Belgium,Point(4.668055555 50.641111111),9800700,0.927,2016-01-01T00:00:00Z
Belgium,Point(4.668055555 50.641111111),10584534,0.927,2016-01-01T00:00:00Z
Belgium,Point(4.668055555 50.641111111),9527807,0.927,2016-01-01T00:00:00Z
Belgium,Point(4.668055555 50.641111111),9800700,0.933,2018-01-01T00:00:00Z
Belgium,Point(4.668055555 50.641111111),10584534,0.933,2018-01-01T00:00:00Z
Belgium,Point(4.668055555 50.641111111),9527807,0.933,2018-01-01T00:00:00Z
Belgium,Point(4.668055555 50.641111111),9800700,0.916,2013-01-01T00:00:00Z
Belgium,Point(4.668055555 50.641111111),10584534,0.916,2013-01-01T00:00:00Z
Belgium,Point(4.668055555 50.641111111),9527807,0.916,2013-01-01T00:00:00Z
Belgium,Point(4.668055555 50.641111111),9870234,0.936,2019-01-01T00:00:00Z
Belgium,Point(4.668055555 50.641111111),10709973,0.936,2019-01-01T00:00:00Z
Belgium,Point(4.668055555 50.641111111),11521238,0.936,2019-01-01T00:00:00Z
Belgium,Point(4.668055555 50.641111111),9870234,0.931,2017-01-01T00:00:00Z
Belgium,Point(4.668055555 50.641111111),10709973,0.931,2017-01-01T00:00:00Z
Belgium,Point(4.668055555 50.641111111),11521238,0.931,2017-01-01T00:00:00Z
Belgium,Point(4.668055555 50.641111111),9870234,0.937,2021-01-01T00:00:00Z
Belgium,Point(4.668055555 50.641111111),10709973,0.937,2021-01-01T00:00:00Z
Belgium,Point(4.668055555 50.641111111),11521238,0.937,2021-01-01T00:00:00Z
Belgium,Point(4.668055555 50.641111111),8091997,0.924,2015-01-01T00:00:00Z
Belgium,Point(4.668055555 50.641111111),9870234,0.924,2015-01-01T00:00:00Z
Belgium,Point(4.668055555 50.641111111),10709973,0.924,2015-01-01T00:00:00Z
Belgium,Point(4.668055555 50.641111111),11521238,0.924,2015-01-01T00:00:00Z
Belgium,Point(4.668055555 50.641111111),8091997,0.928,2020-01-01T00:00:00Z
Belgium,Point(4.668055555 50.641111111),9870234,0.928,2020-01-01T00:00:00Z
Belgium,Point(4.668055555 50.641111111),10709973,0.928,2020-01-01T00:00:00Z
Belgium,Point(4.668055555 50.641111111),11521238,0.928,2020-01-01T00:00:00Z
Belgium,Point(4.668055555 50.641111111),8091997,0.921,2014-01-01T00:00:00Z
Belgium,Point(4.668055555 50.641111111),9870234,0.921,2014-01-01T00:00:00Z
Belgium,Point(4.668055555 50.641111111),10709973,0.921,2014-01-01T00:00:00Z
Belgium,Point(4.668055555 50.641111111),8091997,0.927,2016-01-01T00:00:00Z
Belgium,Point(4.668055555 50.641111111),9870234,0.927,2016-01-01T00:00:00Z
Belgium,Point(4.668055555 50.641111111),10709973,0.927,2016-01-01T00:00:00Z
Belgium,Point(4.668055555 50.641111111),8091997,0.933,2018-01-01T00:00:00Z
Belgium,Point(4.668055555 50.641111111),9870234,0.933,2018-01-01T00:00:00Z
Belgium,Point(4.668055555 50.641111111),10709973,0.933,2018-01-01T00:00:00Z
Belgium,Point(4.668055555 50.641111111),8091997,0.916,2013-01-01T00:00:00Z
Belgium,Point(4.668055555 50.641111111),9870234,0.916,2013-01-01T00:00:00Z
Belgium,Point(4.668055555 50.641111111),10709973,0.916,2013-01-01T00:00:00Z
Belgium,Point(4.668055555 50.641111111),10213752,0.936,2019-01-01T00:00:00Z
Belgium,Point(4.668055555 50.641111111),10170226,0.936,2019-01-01T00:00:00Z
Belgium,Point(4.668055555 50.641111111),8091997,0.936,2019-01-01T00:00:00Z
Belgium,Point(4.668055555 50.641111111),10213752,0.931,2017-01-01T00:00:00Z
Belgium,Point(4.668055555 50.641111111),10170226,0.931,2017-01-01T00:00:00Z
Belgium,Point(4.668055555 50.641111111),8091997,0.931,2017-01-01T00:00:00Z
Belgium,Point(4.668055555 50.641111111),5520016,0.937,2021-01-01T00:00:00Z
Belgium,Point(4.668055555 50.641111111),10213752,0.937,2021-01-01T00:00:00Z
Belgium,Point(4.668055555 50.641111111),10170226,0.937,2021-01-01T00:00:00Z
Belgium,Point(4.668055555 50.641111111),8091997,0.937,2021-01-01T00:00:00Z
Belgium,Point(4.668055555 50.641111111),5520016,0.924,2015-01-01T00:00:00Z
Belgium,Point(4.668055555 50.641111111),10213752,0.924,2015-01-01T00:00:00Z
Belgium,Point(4.668055555 50.641111111),10170226,0.924,2015-01-01T00:00:00Z
Belgium,Point(4.668055555 50.641111111),5520016,0.928,2020-01-01T00:00:00Z
Belgium,Point(4.668055555 50.641111111),10213752,0.928,2020-01-01T00:00:00Z
Belgium,Point(4.668055555 50.641111111),10170226,0.928,2020-01-01T00:00:00Z
Belgium,Point(4.668055555 50.641111111),5520016,0.921,2014-01-01T00:00:00Z
Belgium,Point(4.668055555 50.641111111),10213752,0.921,2014-01-01T00:00:00Z
Belgium,Point(4.668055555 50.641111111),10170226,0.921,2014-01-01T00:00:00Z
Belgium,Point(4.668055555 50.641111111),5520016,0.927,2016-01-01T00:00:00Z
Belgium,Point(4.668055555 50.641111111),10213752,0.927,2016-01-01T00:00:00Z
Belgium,Point(4.668055555 50.641111111),10170226,0.927,2016-01-01T00:00:00Z
Belgium,Point(4.668055555 50.641111111),5520016,0.933,2018-01-01T00:00:00Z
Belgium,Point(4.668055555 50.641111111),10213752,0.933,2018-01-01T00:00:00Z
Belgium,Point(4.668055555 50.641111111),10170226,0.933,2018-01-01T00:00:00Z
Belgium,Point(4.668055555 50.641111111),5520016,0.916,2013-01-01T00:00:00Z
Belgium,Point(4.668055555 50.641111111),10213752,0.916,2013-01-01T00:00:00Z
Belgium,Point(4.668055555 50.641111111),10170226,0.916,2013-01-01T00:00:00Z
Belgium,Point(4.668055555 50.641111111),10156637,0.936,2019-01-01T00:00:00Z
Belgium,Point(4.668055555 50.641111111),11182817,0.936,2019-01-01T00:00:00Z
Belgium,Point(4.668055555 50.641111111),10839905,0.936,2019-01-01T00:00:00Z
Belgium,Point(4.668055555 50.641111111),10156637,0.931,2017-01-01T00:00:00Z
Belgium,Point(4.668055555 50.641111111),11182817,0.931,2017-01-01T00:00:00Z
Belgium,Point(4.668055555 50.641111111),10839905,0.931,2017-01-01T00:00:00Z
Belgium,Point(4.668055555 50.641111111),10156637,0.937,2021-01-01T00:00:00Z
Belgium,Point(4.668055555 50.641111111),11182817,0.937,2021-01-01T00:00:00Z
Belgium,Point(4.668055555 50.641111111),10839905,0.937,2021-01-01T00:00:00Z
Belgium,Point(4.668055555 50.641111111),10156637,0.924,2015-01-01T00:00:00Z
Belgium,Point(4.668055555 50.641111111),11182817,0.924,2015-01-01T00:00:00Z
Belgium,Point(4.668055555 50.641111111),10839905,0.924,2015-01-01T00:00:00Z
Belgium,Point(4.668055555 50.641111111),10156637,0.928,2020-01-01T00:00:00Z
Belgium,Point(4.668055555 50.641111111),11182817,0.928,2020-01-01T00:00:00Z
Belgium,Point(4.668055555 50.641111111),10839905,0.928,2020-01-01T00:00:00Z
Belgium,Point(4.668055555 50.641111111),11521238,0.921,2014-01-01T00:00:00Z
Belgium,Point(4.668055555 50.641111111),10156637,0.921,2014-01-01T00:00:00Z
Belgium,Point(4.668055555 50.641111111),11182817,0.921,2014-01-01T00:00:00Z
Belgium,Point(4.668055555 50.641111111),10839905,0.921,2014-01-01T00:00:00Z
Belgium,Point(4.668055555 50.641111111),11521238,0.927,2016-01-01T00:00:00Z
Belgium,Point(4.668055555 50.641111111),10156637,0.927,2016-01-01T00:00:00Z
Belgium,Point(4.668055555 50.641111111),11182817,0.927,2016-01-01T00:00:00Z
Belgium,Point(4.668055555 50.641111111),10839905,0.927,2016-01-01T00:00:00Z
Belgium,Point(4.668055555 50.641111111),11521238,0.933,2018-01-01T00:00:00Z
Belgium,Point(4.668055555 50.641111111),10156637,0.933,2018-01-01T00:00:00Z
Belgium,Point(4.668055555 50.641111111),11182817,0.933,2018-01-01T00:00:00Z
Belgium,Point(4.668055555 50.641111111),10839905,0.933,2018-01-01T00:00:00Z
Belgium,Point(4.668055555 50.641111111),11521238,0.916,2013-01-01T00:00:00Z
Belgium,Point(4.668055555 50.641111111),10156637,0.916,2013-01-01T00:00:00Z
Belgium,Point(4.668055555 50.641111111),11182817,0.916,2013-01-01T00:00:00Z
Belgium,Point(4.668055555 50.641111111),11150516,0.936,2019-01-01T00:00:00Z
Belgium,Point(4.668055555 50.641111111),11128246,0.936,2019-01-01T00:00:00Z
Belgium,Point(4.668055555 50.641111111),10142776,0.936,2019-01-01T00:00:00Z
Belgium,Point(4.668055555 50.641111111),11150516,0.931,2017-01-01T00:00:00Z
Belgium,Point(4.668055555 50.641111111),11128246,0.931,2017-01-01T00:00:00Z
Belgium,Point(4.668055555 50.641111111),10142776,0.931,2017-01-01T00:00:00Z
Belgium,Point(4.668055555 50.641111111),11150516,0.937,2021-01-01T00:00:00Z
Belgium,Point(4.668055555 50.641111111),11128246,0.937,2021-01-01T00:00:00Z
Belgium,Point(4.668055555 50.641111111),10142776,0.937,2021-01-01T00:00:00Z
Belgium,Point(4.668055555 50.641111111),11150516,0.924,2015-01-01T00:00:00Z
Belgium,Point(4.668055555 50.641111111),11128246,0.924,2015-01-01T00:00:00Z
Belgium,Point(4.668055555 50.641111111),10142776,0.924,2015-01-01T00:00:00Z
Belgium,Point(4.668055555 50.641111111),11150516,0.928,2020-01-01T00:00:00Z
Belgium,Point(4.668055555 50.641111111),11128246,0.928,2020-01-01T00:00:00Z
Belgium,Point(4.668055555 50.641111111),10142776,0.928,2020-01-01T00:00:00Z
Belgium,Point(4.668055555 50.641111111),11150516,0.921,2014-01-01T00:00:00Z
Belgium,Point(4.668055555 50.641111111),11128246,0.921,2014-01-01T00:00:00Z
Belgium,Point(4.668055555 50.641111111),10142776,0.921,2014-01-01T00:00:00Z
Belgium,Point(4.668055555 50.641111111),11150516,0.927,2016-01-01T00:00:00Z
Belgium,Point(4.668055555 50.641111111),11128246,0.927,2016-01-01T00:00:00Z
Belgium,Point(4.668055555 50.641111111),10142776,0.927,2016-01-01T00:00:00Z
Belgium,Point(4.668055555 50.641111111),11150516,0.933,2018-01-01T00:00:00Z
Belgium,Point(4.668055555 50.641111111),11128246,0.933,2018-01-01T00:00:00Z
Belgium,Point(4.668055555 50.641111111),10142776,0.933,2018-01-01T00:00:00Z
Belgium,Point(4.668055555 50.641111111),10839905,0.916,2013-01-01T00:00:00Z
Belgium,Point(4.668055555 50.641111111),11150516,0.916,2013-01-01T00:00:00Z
Belgium,Point(4.668055555 50.641111111),11128246,0.916,2013-01-01T00:00:00Z
Belgium,Point(4.668055555 50.641111111),10142776,0.916,2013-01-01T00:00:00Z
Belgium,Point(4.668055555 50.641111111),4337198,0.936,2019-01-01T00:00:00Z
Belgium,Point(4.668055555 50.641111111),10511382,0.936,2019-01-01T00:00:00Z
Belgium,Point(4.668055555 50.641111111),10286570,0.936,2019-01-01T00:00:00Z
Belgium,Point(4.668055555 50.641111111),4337198,0.931,2017-01-01T00:00:00Z
Belgium,Point(4.668055555 50.641111111),10511382,0.931,2017-01-01T00:00:00Z
Belgium,Point(4.668055555 50.641111111),10286570,0.931,2017-01-01T00:00:00Z
Belgium,Point(4.668055555 50.641111111),4337198,0.937,2021-01-01T00:00:00Z
Belgium,Point(4.668055555 50.641111111),10511382,0.937,2021-01-01T00:00:00Z
Belgium,Point(4.668055555 50.641111111),10286570,0.937,2021-01-01T00:00:00Z
Belgium,Point(4.668055555 50.641111111),4337198,0.924,2015-01-01T00:00:00Z
Belgium,Point(4.668055555 50.641111111),10511382,0.924,2015-01-01T00:00:00Z
Belgium,Point(4.668055555 50.641111111),10286570,0.924,2015-01-01T00:00:00Z
Belgium,Point(4.668055555 50.641111111),4337198,0.928,2020-01-01T00:00:00Z
Belgium,Point(4.668055555 50.641111111),10511382,0.928,2020-01-01T00:00:00Z
Belgium,Point(4.668055555 50.641111111),10286570,0.928,2020-01-01T00:00:00Z
Belgium,Point(4.668055555 50.641111111),4337198,0.921,2014-01-01T00:00:00Z
Belgium,Point(4.668055555 50.641111111),10511382,0.921,2014-01-01T00:00:00Z
Belgium,Point(4.668055555 50.641111111),10286570,0.921,2014-01-01T00:00:00Z
Belgium,Point(4.668055555 50.641111111),4337198,0.927,2016-01-01T00:00:00Z
Belgium,Point(4.668055555 50.641111111),10511382,0.927,2016-01-01T00:00:00Z
Belgium,Point(4.668055555 50.641111111),10286570,0.927,2016-01-01T00:00:00Z
Belgium,Point(4.668055555 50.641111111),4337198,0.933,2018-01-01T00:00:00Z
Belgium,Point(4.668055555 50.641111111),10511382,0.933,2018-01-01T00:00:00Z
Belgium,Point(4.668055555 50.641111111),10286570,0.933,2018-01-01T00:00:00Z
Belgium,Point(4.668055555 50.641111111),4337198,0.916,2013-01-01T00:00:00Z
Belgium,Point(4.668055555 50.641111111),10511382,0.916,2013-01-01T00:00:00Z
Belgium,Point(4.668055555 50.641111111),10286570,0.916,2013-01-01T00:00:00Z
Belgium,Point(4.668055555 50.641111111),10396421,0.936,2019-01-01T00:00:00Z
Belgium,Point(4.668055555 50.641111111),9856303,0.936,2019-01-01T00:00:00Z
Belgium,Point(4.668055555 50.641111111),9772419,0.936,2019-01-01T00:00:00Z
Belgium,Point(4.668055555 50.641111111),10396421,0.931,2017-01-01T00:00:00Z
Belgium,Point(4.668055555 50.641111111),9856303,0.931,2017-01-01T00:00:00Z
Belgium,Point(4.668055555 50.641111111),9772419,0.931,2017-01-01T00:00:00Z
Belgium,Point(4.668055555 50.641111111),10396421,0.937,2021-01-01T00:00:00Z
Belgium,Point(4.668055555 50.641111111),9856303,0.937,2021-01-01T00:00:00Z
Belgium,Point(4.668055555 50.641111111),9772419,0.937,2021-01-01T00:00:00Z
Belgium,Point(4.668055555 50.641111111),10396421,0.924,2015-01-01T00:00:00Z
Belgium,Point(4.668055555 50.641111111),9856303,0.924,2015-01-01T00:00:00Z
Belgium,Point(4.668055555 50.641111111),9772419,0.924,2015-01-01T00:00:00Z
Belgium,Point(4.668055555 50.641111111),10396421,0.928,2020-01-01T00:00:00Z
Belgium,Point(4.668055555 50.641111111),9856303,0.928,2020-01-01T00:00:00Z
Belgium,Point(4.668055555 50.641111111),9772419,0.928,2020-01-01T00:00:00Z
Belgium,Point(4.668055555 50.641111111),10396421,0.921,2014-01-01T00:00:00Z
Belgium,Point(4.668055555 50.641111111),9856303,0.921,2014-01-01T00:00:00Z
Belgium,Point(4.668055555 50.641111111),9772419,0.921,2014-01-01T00:00:00Z
Belgium,Point(4.668055555 50.641111111),10396421,0.927,2016-01-01T00:00:00Z
Belgium,Point(4.668055555 50.641111111),9856303,0.927,2016-01-01T00:00:00Z
Belgium,Point(4.668055555 50.641111111),9772419,0.927,2016-01-01T00:00:00Z
Belgium,Point(4.668055555 50.641111111),10396421,0.933,2018-01-01T00:00:00Z
Belgium,Point(4.668055555 50.641111111),9856303,0.933,2018-01-01T00:00:00Z
Belgium,Point(4.668055555 50.641111111),9772419,0.933,2018-01-01T00:00:00Z
Belgium,Point(4.668055555 50.641111111),10396421,0.916,2013-01-01T00:00:00Z
Belgium,Point(4.668055555 50.641111111),9856303,0.916,2013-01-01T00:00:00Z
Belgium,Point(4.668055555 50.641111111),9772419,0.916,2013-01-01T00:00:00Z
Belgium,Point(4.668055555 50.641111111),10796493,0.936,2019-01-01T00:00:00Z
Belgium,Point(4.668055555 50.641111111),9848382,0.936,2019-01-01T00:00:00Z
Belgium,Point(4.668055555 50.641111111),11372068,0.936,2019-01-01T00:00:00Z
Belgium,Point(4.668055555 50.641111111),7423784,0.931,2017-01-01T00:00:00Z
Belgium,Point(4.668055555 50.641111111),10796493,0.931,2017-01-01T00:00:00Z
Belgium,Point(4.668055555 50.641111111),9848382,0.931,2017-01-01T00:00:00Z
Belgium,Point(4.668055555 50.641111111),11372068,0.931,2017-01-01T00:00:00Z
Belgium,Point(4.668055555 50.641111111),7423784,0.937,2021-01-01T00:00:00Z
Belgium,Point(4.668055555 50.641111111),10796493,0.937,2021-01-01T00:00:00Z
Belgium,Point(4.668055555 50.641111111),9848382,0.937,2021-01-01T00:00:00Z
Belgium,Point(4.668055555 50.641111111),7423784,0.924,2015-01-01T00:00:00Z
Belgium,Point(4.668055555 50.641111111),10796493,0.924,2015-01-01T00:00:00Z
Belgium,Point(4.668055555 50.641111111),9848382,0.924,2015-01-01T00:00:00Z
Belgium,Point(4.668055555 50.641111111),7423784,0.928,2020-01-01T00:00:00Z
Belgium,Point(4.668055555 50.641111111),10796493,0.928,2020-01-01T00:00:00Z
Belgium,Point(4.668055555 50.641111111),9848382,0.928,2020-01-01T00:00:00Z
Belgium,Point(4.668055555 50.641111111),7423784,0.921,2014-01-01T00:00:00Z
Belgium,Point(4.668055555 50.641111111),10796493,0.921,2014-01-01T00:00:00Z
Belgium,Point(4.668055555 50.641111111),9848382,0.921,2014-01-01T00:00:00Z
Belgium,Point(4.668055555 50.641111111),7423784,0.927,2016-01-01T00:00:00Z
Belgium,Point(4.668055555 50.641111111),10796493,0.927,2016-01-01T00:00:00Z
Belgium,Point(4.668055555 50.641111111),9848382,0.927,2016-01-01T00:00:00Z
Belgium,Point(4.668055555 50.641111111),7423784,0.933,2018-01-01T00:00:00Z
Belgium,Point(4.668055555 50.641111111),10796493,0.933,2018-01-01T00:00:00Z
Belgium,Point(4.668055555 50.641111111),9848382,0.933,2018-01-01T00:00:00Z
Belgium,Point(4.668055555 50.641111111),7423784,0.916,2013-01-01T00:00:00Z
Belgium,Point(4.668055555 50.641111111),10796493,0.916,2013-01-01T00:00:00Z
Belgium,Point(4.668055555 50.641111111),9848382,0.916,2013-01-01T00:00:00Z
Belgium,Point(4.668055555 50.641111111),9855520,0.936,2019-01-01T00:00:00Z
Belgium,Point(4.668055555 50.641111111),3786556,0.936,2019-01-01T00:00:00Z
Belgium,Point(4.668055555 50.641111111),6069317,0.936,2019-01-01T00:00:00Z
Belgium,Point(4.668055555 50.641111111),9855520,0.931,2017-01-01T00:00:00Z
Belgium,Point(4.668055555 50.641111111),3786556,0.931,2017-01-01T00:00:00Z
Belgium,Point(4.668055555 50.641111111),6069317,0.931,2017-01-01T00:00:00Z
Belgium,Point(4.668055555 50.641111111),9855520,0.937,2021-01-01T00:00:00Z
Belgium,Point(4.668055555 50.641111111),3786556,0.937,2021-01-01T00:00:00Z
Belgium,Point(4.668055555 50.641111111),6069317,0.937,2021-01-01T00:00:00Z
Belgium,Point(4.668055555 50.641111111),9650944,0.924,2015-01-01T00:00:00Z
Belgium,Point(4.668055555 50.641111111),9855520,0.924,2015-01-01T00:00:00Z
Belgium,Point(4.668055555 50.641111111),3786556,0.924,2015-01-01T00:00:00Z
Belgium,Point(4.668055555 50.641111111),6069317,0.924,2015-01-01T00:00:00Z
Belgium,Point(4.668055555 50.641111111),9650944,0.928,2020-01-01T00:00:00Z
Belgium,Point(4.668055555 50.641111111),9855520,0.928,2020-01-01T00:00:00Z
Belgium,Point(4.668055555 50.641111111),3786556,0.928,2020-01-01T00:00:00Z
Belgium,Point(4.668055555 50.641111111),6069317,0.928,2020-01-01T00:00:00Z
Belgium,Point(4.668055555 50.641111111),9650944,0.921,2014-01-01T00:00:00Z
Belgium,Point(4.668055555 50.641111111),9855520,0.921,2014-01-01T00:00:00Z
Belgium,Point(4.668055555 50.641111111),3786556,0.921,2014-01-01T00:00:00Z
Belgium,Point(4.668055555 50.641111111),9650944,0.927,2016-01-01T00:00:00Z
Belgium,Point(4.668055555 50.641111111),9855520,0.927,2016-01-01T00:00:00Z
Belgium,Point(4.668055555 50.641111111),3786556,0.927,2016-01-01T00:00:00Z
Belgium,Point(4.668055555 50.641111111),9650944,0.933,2018-01-01T00:00:00Z
Belgium,Point(4.668055555 50.641111111),9855520,0.933,2018-01-01T00:00:00Z
Belgium,Point(4.668055555 50.641111111),3786556,0.933,2018-01-01T00:00:00Z
Belgium,Point(4.668055555 50.641111111),9650944,0.916,2013-01-01T00:00:00Z
Belgium,Point(4.668055555 50.641111111),9855520,0.916,2013-01-01T00:00:00Z
Belgium,Point(4.668055555 50.641111111),3786556,0.916,2013-01-01T00:00:00Z
Belgium,Point(4.668055555 50.641111111),11492641,0.936,2019-01-01T00:00:00Z
Belgium,Point(4.668055555 50.641111111),10511382,0.936,2019-01-01T00:00:00Z
Belgium,Point(4.668055555 50.641111111),9650944,0.936,2019-01-01T00:00:00Z
Belgium,Point(4.668055555 50.641111111),11492641,0.931,2017-01-01T00:00:00Z
Belgium,Point(4.668055555 50.641111111),10511382,0.931,2017-01-01T00:00:00Z
Belgium,Point(4.668055555 50.641111111),9650944,0.931,2017-01-01T00:00:00Z
Belgium,Point(4.668055555 50.641111111),11372068,0.937,2021-01-01T00:00:00Z
Belgium,Point(4.668055555 50.641111111),11492641,0.937,2021-01-01T00:00:00Z
Belgium,Point(4.668055555 50.641111111),10511382,0.937,2021-01-01T00:00:00Z
Belgium,Point(4.668055555 50.641111111),9650944,0.937,2021-01-01T00:00:00Z
Belgium,Point(4.668055555 50.641111111),11372068,0.924,2015-01-01T00:00:00Z
Belgium,Point(4.668055555 50.641111111),11492641,0.924,2015-01-01T00:00:00Z
Belgium,Point(4.668055555 50.641111111),10511382,0.924,2015-01-01T00:00:00Z
Belgium,Point(4.668055555 50.641111111),11372068,0.928,2020-01-01T00:00:00Z
Belgium,Point(4.668055555 50.641111111),11492641,0.928,2020-01-01T00:00:00Z
Belgium,Point(4.668055555 50.641111111),10511382,0.928,2020-01-01T00:00:00Z
Belgium,Point(4.668055555 50.641111111),11372068,0.921,2014-01-01T00:00:00Z
Belgium,Point(4.668055555 50.641111111),11492641,0.921,2014-01-01T00:00:00Z
Belgium,Point(4.668055555 50.641111111),10511382,0.921,2014-01-01T00:00:00Z
Belgium,Point(4.668055555 50.641111111),11372068,0.927,2016-01-01T00:00:00Z
Belgium,Point(4.668055555 50.641111111),11492641,0.927,2016-01-01T00:00:00Z
Belgium,Point(4.668055555 50.641111111),10511382,0.927,2016-01-01T00:00:00Z
Belgium,Point(4.668055555 50.641111111),11372068,0.933,2018-01-01T00:00:00Z
Belgium,Point(4.668055555 50.641111111),11492641,0.933,2018-01-01T00:00:00Z
Belgium,Point(4.668055555 50.641111111),10511382,0.933,2018-01-01T00:00:00Z
Belgium,Point(4.668055555 50.641111111),11372068,0.916,2013-01-01T00:00:00Z
Belgium,Point(4.668055555 50.641111111),11492641,0.916,2013-01-01T00:00:00Z
Belgium,Point(4.668055555 50.641111111),10511382,0.916,2013-01-01T00:00:00Z
Belgium,Point(4.668055555 50.641111111),11099554,0.936,2019-01-01T00:00:00Z
Belgium,Point(4.668055555 50.641111111),10584534,0.936,2019-01-01T00:00:00Z
Belgium,Point(4.668055555 50.641111111),11035948,0.936,2019-01-01T00:00:00Z
Belgium,Point(4.668055555 50.641111111),7423784,0.936,2019-01-01T00:00:00Z
Belgium,Point(4.668055555 50.641111111),11099554,0.931,2017-01-01T00:00:00Z
Belgium,Point(4.668055555 50.641111111),10584534,0.931,2017-01-01T00:00:00Z
Belgium,Point(4.668055555 50.641111111),11035948,0.931,2017-01-01T00:00:00Z
Belgium,Point(4.668055555 50.641111111),11099554,0.937,2021-01-01T00:00:00Z
Belgium,Point(4.668055555 50.641111111),10584534,0.937,2021-01-01T00:00:00Z
Belgium,Point(4.668055555 50.641111111),11035948,0.937,2021-01-01T00:00:00Z
Belgium,Point(4.668055555 50.641111111),11099554,0.924,2015-01-01T00:00:00Z
Belgium,Point(4.668055555 50.641111111),10584534,0.924,2015-01-01T00:00:00Z
Belgium,Point(4.668055555 50.641111111),11035948,0.924,2015-01-01T00:00:00Z
Belgium,Point(4.668055555 50.641111111),11099554,0.928,2020-01-01T00:00:00Z
Belgium,Point(4.668055555 50.641111111),10584534,0.928,2020-01-01T00:00:00Z
Belgium,Point(4.668055555 50.641111111),11035948,0.928,2020-01-01T00:00:00Z
Belgium,Point(4.668055555 50.641111111),11099554,0.921,2014-01-01T00:00:00Z
Belgium,Point(4.668055555 50.641111111),10584534,0.921,2014-01-01T00:00:00Z
Belgium,Point(4.668055555 50.641111111),11035948,0.921,2014-01-01T00:00:00Z
Belgium,Point(4.668055555 50.641111111),11099554,0.927,2016-01-01T00:00:00Z
Belgium,Point(4.668055555 50.641111111),10584534,0.927,2016-01-01T00:00:00Z
Belgium,Point(4.668055555 50.641111111),11035948,0.927,2016-01-01T00:00:00Z
Belgium,Point(4.668055555 50.641111111),11099554,0.933,2018-01-01T00:00:00Z
Belgium,Point(4.668055555 50.641111111),10584534,0.933,2018-01-01T00:00:00Z
Belgium,Point(4.668055555 50.641111111),11035948,0.933,2018-01-01T00:00:00Z
Belgium,Point(4.668055555 50.641111111),11099554,0.916,2013-01-01T00:00:00Z
Belgium,Point(4.668055555 50.641111111),10584534,0.916,2013-01-01T00:00:00Z
Belgium,Point(4.668055555 50.641111111),11035948,0.916,2013-01-01T00:00:00Z
Belgium,Point(4.668055555 50.641111111),9618756,0.936,2019-01-01T00:00:00Z
Belgium,Point(4.668055555 50.641111111),9673162,0.936,2019-01-01T00:00:00Z
Belgium,Point(4.668055555 50.641111111),10251250,0.936,2019-01-01T00:00:00Z
Belgium,Point(4.668055555 50.641111111),9618756,0.931,2017-01-01T00:00:00Z
Belgium,Point(4.668055555 50.641111111),9673162,0.931,2017-01-01T00:00:00Z
Belgium,Point(4.668055555 50.641111111),10251250,0.931,2017-01-01T00:00:00Z
Belgium,Point(4.668055555 50.641111111),9618756,0.937,2021-01-01T00:00:00Z
Belgium,Point(4.668055555 50.641111111),9673162,0.937,2021-01-01T00:00:00Z
Belgium,Point(4.668055555 50.641111111),10251250,0.937,2021-01-01T00:00:00Z
Belgium,Point(4.668055555 50.641111111),9618756,0.924,2015-01-01T00:00:00Z
Belgium,Point(4.668055555 50.641111111),9673162,0.924,2015-01-01T00:00:00Z
Belgium,Point(4.668055555 50.641111111),10251250,0.924,2015-01-01T00:00:00Z
Belgium,Point(4.668055555 50.641111111),9618756,0.928,2020-01-01T00:00:00Z
Belgium,Point(4.668055555 50.641111111),9673162,0.928,2020-01-01T00:00:00Z
Belgium,Point(4.668055555 50.641111111),10251250,0.928,2020-01-01T00:00:00Z
Belgium,Point(4.668055555 50.641111111),9618756,0.921,2014-01-01T00:00:00Z
Belgium,Point(4.668055555 50.641111111),9673162,0.921,2014-01-01T00:00:00Z
Belgium,Point(4.668055555 50.641111111),10251250,0.921,2014-01-01T00:00:00Z
Belgium,Point(4.668055555 50.641111111),9618756,0.927,2016-01-01T00:00:00Z
Belgium,Point(4.668055555 50.641111111),9673162,0.927,2016-01-01T00:00:00Z
Belgium,Point(4.668055555 50.641111111),10251250,0.927,2016-01-01T00:00:00Z
Belgium,Point(4.668055555 50.641111111),9618756,0.933,2018-01-01T00:00:00Z
Belgium,Point(4.668055555 50.641111111),9673162,0.933,2018-01-01T00:00:00Z
Belgium,Point(4.668055555 50.641111111),10251250,0.933,2018-01-01T00:00:00Z
Belgium,Point(4.668055555 50.641111111),9618756,0.916,2013-01-01T00:00:00Z
Belgium,Point(4.668055555 50.641111111),9673162,0.916,2013-01-01T00:00:00Z
Belgium,Point(4.668055555 50.641111111),10251250,0.916,2013-01-01T00:00:00Z
Belgium,Point(4.668055555 50.641111111),9646032,0.936,2019-01-01T00:00:00Z
Belgium,Point(4.668055555 50.641111111),10753080,0.936,2019-01-01T00:00:00Z
Belgium,Point(4.668055555 50.641111111),11376070,0.936,2019-01-01T00:00:00Z
Belgium,Point(4.668055555 50.641111111),9646032,0.931,2017-01-01T00:00:00Z
Belgium,Point(4.668055555 50.641111111),10753080,0.931,2017-01-01T00:00:00Z
Belgium,Point(4.668055555 50.641111111),11376070,0.931,2017-01-01T00:00:00Z
Belgium,Point(4.668055555 50.641111111),9646032,0.937,2021-01-01T00:00:00Z
Belgium,Point(4.668055555 50.641111111),10753080,0.937,2021-01-01T00:00:00Z
Belgium,Point(4.668055555 50.641111111),11376070,0.937,2021-01-01T00:00:00Z
Belgium,Point(4.668055555 50.641111111),9646032,0.924,2015-01-01T00:00:00Z
Belgium,Point(4.668055555 50.641111111),10753080,0.924,2015-01-01T00:00:00Z
Belgium,Point(4.668055555 50.641111111),11376070,0.924,2015-01-01T00:00:00Z
Belgium,Point(4.668055555 50.641111111),9646032,0.928,2020-01-01T00:00:00Z
Belgium,Point(4.668055555 50.641111111),10753080,0.928,2020-01-01T00:00:00Z
Belgium,Point(4.668055555 50.641111111),11376070,0.928,2020-01-01T00:00:00Z
Belgium,Point(4.668055555 50.641111111),9646032,0.921,2014-01-01T00:00:00Z
Belgium,Point(4.668055555 50.641111111),10753080,0.921,2014-01-01T00:00:00Z
Belgium,Point(4.668055555 50.641111111),11376070,0.921,2014-01-01T00:00:00Z
Belgium,Point(4.668055555 50.641111111),9646032,0.927,2016-01-01T00:00:00Z
Belgium,Point(4.668055555 50.641111111),10753080,0.927,2016-01-01T00:00:00Z
Belgium,Point(4.668055555 50.641111111),11376070,0.927,2016-01-01T00:00:00Z
Belgium,Point(4.668055555 50.641111111),9646032,0.933,2018-01-01T00:00:00Z
Belgium,Point(4.668055555 50.641111111),10753080,0.933,2018-01-01T00:00:00Z
Belgium,Point(4.668055555 50.641111111),11376070,0.933,2018-01-01T00:00:00Z
Belgium,Point(4.668055555 50.641111111),9646032,0.916,2013-01-01T00:00:00Z
Belgium,Point(4.668055555 50.641111111),10753080,0.916,2013-01-01T00:00:00Z
Belgium,Point(4.668055555 50.641111111),11376070,0.916,2013-01-01T00:00:00Z
Belgium,Point(4.668055555 50.641111111),10396421,0.936,2019-01-01T00:00:00Z
Belgium,Point(4.668055555 50.641111111),9289770,0.936,2019-01-01T00:00:00Z
Belgium,Point(4.668055555 50.641111111),11099554,0.936,2019-01-01T00:00:00Z
Belgium,Point(4.668055555 50.641111111),10396421,0.931,2017-01-01T00:00:00Z
Belgium,Point(4.668055555 50.641111111),9289770,0.931,2017-01-01T00:00:00Z
Belgium,Point(4.668055555 50.641111111),11099554,0.931,2017-01-01T00:00:00Z
Belgium,Point(4.668055555 50.641111111),10396421,0.937,2021-01-01T00:00:00Z
Belgium,Point(4.668055555 50.641111111),9289770,0.937,2021-01-01T00:00:00Z
Belgium,Point(4.668055555 50.641111111),11099554,0.937,2021-01-01T00:00:00Z
Belgium,Point(4.668055555 50.641111111),10396421,0.924,2015-01-01T00:00:00Z
Belgium,Point(4.668055555 50.641111111),9289770,0.924,2015-01-01T00:00:00Z
Belgium,Point(4.668055555 50.641111111),11099554,0.924,2015-01-01T00:00:00Z
Belgium,Point(4.668055555 50.641111111),10396421,0.928,2020-01-01T00:00:00Z
Belgium,Point(4.668055555 50.641111111),9289770,0.928,2020-01-01T00:00:00Z
Belgium,Point(4.668055555 50.641111111),11099554,0.928,2020-01-01T00:00:00Z
Belgium,Point(4.668055555 50.641111111),6069317,0.921,2014-01-01T00:00:00Z
Belgium,Point(4.668055555 50.641111111),10396421,0.921,2014-01-01T00:00:00Z
Belgium,Point(4.668055555 50.641111111),9289770,0.921,2014-01-01T00:00:00Z
Belgium,Point(4.668055555 50.641111111),11099554,0.921,2014-01-01T00:00:00Z
Belgium,Point(4.668055555 50.641111111),6069317,0.927,2016-01-01T00:00:00Z
Belgium,Point(4.668055555 50.641111111),10396421,0.927,2016-01-01T00:00:00Z
Belgium,Point(4.668055555 50.641111111),9289770,0.927,2016-01-01T00:00:00Z
Belgium,Point(4.668055555 50.641111111),11099554,0.927,2016-01-01T00:00:00Z
Belgium,Point(4.668055555 50.641111111),6069317,0.933,2018-01-01T00:00:00Z
Belgium,Point(4.668055555 50.641111111),10396421,0.933,2018-01-01T00:00:00Z
Belgium,Point(4.668055555 50.641111111),9289770,0.933,2018-01-01T00:00:00Z
Belgium,Point(4.668055555 50.641111111),11099554,0.933,2018-01-01T00:00:00Z
Belgium,Point(4.668055555 50.641111111),6069317,0.916,2013-01-01T00:00:00Z
Belgium,Point(4.668055555 50.641111111),10396421,0.916,2013-01-01T00:00:00Z
Belgium,Point(4.668055555 50.641111111),9289770,0.916,2013-01-01T00:00:00Z
Belgium,Point(4.668055555 50.641111111),10753080,0.936,2019-01-01T00:00:00Z
Belgium,Point(4.668055555 50.641111111),10332785,0.936,2019-01-01T00:00:00Z
Belgium,Point(4.668055555 50.641111111),10445852,0.936,2019-01-01T00:00:00Z
Belgium,Point(4.668055555 50.641111111),10753080,0.931,2017-01-01T00:00:00Z
Belgium,Point(4.668055555 50.641111111),10332785,0.931,2017-01-01T00:00:00Z
Belgium,Point(4.668055555 50.641111111),10445852,0.931,2017-01-01T00:00:00Z
Belgium,Point(4.668055555 50.641111111),10753080,0.937,2021-01-01T00:00:00Z
Belgium,Point(4.668055555 50.641111111),10332785,0.937,2021-01-01T00:00:00Z
Belgium,Point(4.668055555 50.641111111),10445852,0.937,2021-01-01T00:00:00Z
Belgium,Point(4.668055555 50.641111111),10753080,0.924,2015-01-01T00:00:00Z
Belgium,Point(4.668055555 50.641111111),10332785,0.924,2015-01-01T00:00:00Z
Belgium,Point(4.668055555 50.641111111),10445852,0.924,2015-01-01T00:00:00Z
Belgium,Point(4.668055555 50.641111111),10753080,0.928,2020-01-01T00:00:00Z
Belgium,Point(4.668055555 50.641111111),10332785,0.928,2020-01-01T00:00:00Z
Belgium,Point(4.668055555 50.641111111),10445852,0.928,2020-01-01T00:00:00Z
Belgium,Point(4.668055555 50.641111111),10753080,0.921,2014-01-01T00:00:00Z
Belgium,Point(4.668055555 50.641111111),10332785,0.921,2014-01-01T00:00:00Z
Belgium,Point(4.668055555 50.641111111),10445852,0.921,2014-01-01T00:00:00Z
Belgium,Point(4.668055555 50.641111111),10753080,0.927,2016-01-01T00:00:00Z
Belgium,Point(4.668055555 50.641111111),10332785,0.927,2016-01-01T00:00:00Z
Belgium,Point(4.668055555 50.641111111),10445852,0.927,2016-01-01T00:00:00Z
Belgium,Point(4.668055555 50.641111111),10753080,0.933,2018-01-01T00:00:00Z
Belgium,Point(4.668055555 50.641111111),10332785,0.933,2018-01-01T00:00:00Z
Belgium,Point(4.668055555 50.641111111),10445852,0.933,2018-01-01T00:00:00Z
Belgium,Point(4.668055555 50.641111111),11099554,0.916,2013-01-01T00:00:00Z
Belgium,Point(4.668055555 50.641111111),10753080,0.916,2013-01-01T00:00:00Z
Belgium,Point(4.668055555 50.641111111),10332785,0.916,2013-01-01T00:00:00Z
Belgium,Point(4.668055555 50.641111111),10445852,0.916,2013-01-01T00:00:00Z
Belgium,Point(4.668055555 50.641111111),10951266,0.936,2019-01-01T00:00:00Z
Belgium,Point(4.668055555 50.641111111),10068319,0.936,2019-01-01T00:00:00Z
Belgium,Point(4.668055555 50.641111111),9378113,0.936,2019-01-01T00:00:00Z
Belgium,Point(4.668055555 50.641111111),10084475,0.931,2017-01-01T00:00:00Z
Belgium,Point(4.668055555 50.641111111),10951266,0.931,2017-01-01T00:00:00Z
Belgium,Point(4.668055555 50.641111111),10068319,0.931,2017-01-01T00:00:00Z
Belgium,Point(4.668055555 50.641111111),9378113,0.931,2017-01-01T00:00:00Z
Belgium,Point(4.668055555 50.641111111),10084475,0.937,2021-01-01T00:00:00Z
Belgium,Point(4.668055555 50.641111111),10951266,0.937,2021-01-01T00:00:00Z
Belgium,Point(4.668055555 50.641111111),10068319,0.937,2021-01-01T00:00:00Z
Belgium,Point(4.668055555 50.641111111),10084475,0.924,2015-01-01T00:00:00Z
Belgium,Point(4.668055555 50.641111111),10951266,0.924,2015-01-01T00:00:00Z
Belgium,Point(4.668055555 50.641111111),10068319,0.924,2015-01-01T00:00:00Z
Belgium,Point(4.668055555 50.641111111),10084475,0.928,2020-01-01T00:00:00Z
Belgium,Point(4.668055555 50.641111111),10951266,0.928,2020-01-01T00:00:00Z
Belgium,Point(4.668055555 50.641111111),10068319,0.928,2020-01-01T00:00:00Z
Belgium,Point(4.668055555 50.641111111),10084475,0.921,2014-01-01T00:00:00Z
Belgium,Point(4.668055555 50.641111111),10951266,0.921,2014-01-01T00:00:00Z
Belgium,Point(4.668055555 50.641111111),10068319,0.921,2014-01-01T00:00:00Z
Belgium,Point(4.668055555 50.641111111),10084475,0.927,2016-01-01T00:00:00Z
Belgium,Point(4.668055555 50.641111111),10951266,0.927,2016-01-01T00:00:00Z
Belgium,Point(4.668055555 50.641111111),10068319,0.927,2016-01-01T00:00:00Z
Belgium,Point(4.668055555 50.641111111),10084475,0.933,2018-01-01T00:00:00Z
Belgium,Point(4.668055555 50.641111111),10951266,0.933,2018-01-01T00:00:00Z
Belgium,Point(4.668055555 50.641111111),10068319,0.933,2018-01-01T00:00:00Z
Belgium,Point(4.668055555 50.641111111),10084475,0.916,2013-01-01T00:00:00Z
Belgium,Point(4.668055555 50.641111111),10951266,0.916,2013-01-01T00:00:00Z
Belgium,Point(4.668055555 50.641111111),10068319,0.916,2013-01-01T00:00:00Z
Belgium,Point(4.668055555 50.641111111),10547958,0.936,2019-01-01T00:00:00Z
Belgium,Point(4.668055555 50.641111111),9153489,0.936,2019-01-01T00:00:00Z
Belgium,Point(4.668055555 50.641111111),10478617,0.936,2019-01-01T00:00:00Z
Belgium,Point(4.668055555 50.641111111),10547958,0.931,2017-01-01T00:00:00Z
Belgium,Point(4.668055555 50.641111111),9153489,0.931,2017-01-01T00:00:00Z
Belgium,Point(4.668055555 50.641111111),10478617,0.931,2017-01-01T00:00:00Z
Belgium,Point(4.668055555 50.641111111),9378113,0.937,2021-01-01T00:00:00Z
Belgium,Point(4.668055555 50.641111111),10547958,0.937,2021-01-01T00:00:00Z
Belgium,Point(4.668055555 50.641111111),9153489,0.937,2021-01-01T00:00:00Z
Belgium,Point(4.668055555 50.641111111),10478617,0.937,2021-01-01T00:00:00Z
Belgium,Point(4.668055555 50.641111111),9378113,0.924,2015-01-01T00:00:00Z
Belgium,Point(4.668055555 50.641111111),10547958,0.924,2015-01-01T00:00:00Z
Belgium,Point(4.668055555 50.641111111),9153489,0.924,2015-01-01T00:00:00Z
Belgium,Point(4.668055555 50.641111111),9378113,0.928,2020-01-01T00:00:00Z
Belgium,Point(4.668055555 50.641111111),10547958,0.928,2020-01-01T00:00:00Z
Belgium,Point(4.668055555 50.641111111),9153489,0.928,2020-01-01T00:00:00Z
Belgium,Point(4.668055555 50.641111111),9378113,0.921,2014-01-01T00:00:00Z
Belgium,Point(4.668055555 50.641111111),10547958,0.921,2014-01-01T00:00:00Z
Belgium,Point(4.668055555 50.641111111),9153489,0.921,2014-01-01T00:00:00Z
Belgium,Point(4.668055555 50.641111111),9378113,0.927,2016-01-01T00:00:00Z
Belgium,Point(4.668055555 50.641111111),10547958,0.927,2016-01-01T00:00:00Z
Belgium,Point(4.668055555 50.641111111),9153489,0.927,2016-01-01T00:00:00Z
Belgium,Point(4.668055555 50.641111111),9378113,0.933,2018-01-01T00:00:00Z
Belgium,Point(4.668055555 50.641111111),10547958,0.933,2018-01-01T00:00:00Z
Belgium,Point(4.668055555 50.641111111),9153489,0.933,2018-01-01T00:00:00Z
Belgium,Point(4.668055555 50.641111111),9378113,0.916,2013-01-01T00:00:00Z
Belgium,Point(4.668055555 50.641111111),10547958,0.916,2013-01-01T00:00:00Z
Belgium,Point(4.668055555 50.641111111),9153489,0.916,2013-01-01T00:00:00Z
Belgium,Point(4.668055555 50.641111111),11150516,0.936,2019-01-01T00:00:00Z
Belgium,Point(4.668055555 50.641111111),9858982,0.936,2019-01-01T00:00:00Z
Belgium,Point(4.668055555 50.641111111),10839905,0.936,2019-01-01T00:00:00Z
Belgium,Point(4.668055555 50.641111111),10084475,0.936,2019-01-01T00:00:00Z
Belgium,Point(4.668055555 50.641111111),11150516,0.931,2017-01-01T00:00:00Z
Belgium,Point(4.668055555 50.641111111),9858982,0.931,2017-01-01T00:00:00Z
Belgium,Point(4.668055555 50.641111111),10839905,0.931,2017-01-01T00:00:00Z
Belgium,Point(4.668055555 50.641111111),11150516,0.937,2021-01-01T00:00:00Z
Belgium,Point(4.668055555 50.641111111),9858982,0.937,2021-01-01T00:00:00Z
Belgium,Point(4.668055555 50.641111111),10839905,0.937,2021-01-01T00:00:00Z
Belgium,Point(4.668055555 50.641111111),11150516,0.924,2015-01-01T00:00:00Z
Belgium,Point(4.668055555 50.641111111),9858982,0.924,2015-01-01T00:00:00Z
Belgium,Point(4.668055555 50.641111111),10839905,0.924,2015-01-01T00:00:00Z
Belgium,Point(4.668055555 50.641111111),11150516,0.928,2020-01-01T00:00:00Z
Belgium,Point(4.668055555 50.641111111),9858982,0.928,2020-01-01T00:00:00Z
Belgium,Point(4.668055555 50.641111111),10839905,0.928,2020-01-01T00:00:00Z
Belgium,Point(4.668055555 50.641111111),11150516,0.921,2014-01-01T00:00:00Z
Belgium,Point(4.668055555 50.641111111),9858982,0.921,2014-01-01T00:00:00Z
Belgium,Point(4.668055555 50.641111111),10839905,0.921,2014-01-01T00:00:00Z
Belgium,Point(4.668055555 50.641111111),11150516,0.927,2016-01-01T00:00:00Z
Belgium,Point(4.668055555 50.641111111),9858982,0.927,2016-01-01T00:00:00Z
Belgium,Point(4.668055555 50.641111111),10839905,0.927,2016-01-01T00:00:00Z
Belgium,Point(4.668055555 50.641111111),11150516,0.933,2018-01-01T00:00:00Z
Belgium,Point(4.668055555 50.641111111),9858982,0.933,2018-01-01T00:00:00Z
Belgium,Point(4.668055555 50.641111111),10839905,0.933,2018-01-01T00:00:00Z
Belgium,Point(4.668055555 50.641111111),11150516,0.916,2013-01-01T00:00:00Z
Belgium,Point(4.668055555 50.641111111),9858982,0.916,2013-01-01T00:00:00Z
Belgium,Point(4.668055555 50.641111111),10839905,0.916,2013-01-01T00:00:00Z
Belgium,Point(4.668055555 50.641111111),11322088,0.936,2019-01-01T00:00:00Z
Belgium,Point(4.668055555 50.641111111),9711115,0.936,2019-01-01T00:00:00Z
Belgium,Point(4.668055555 50.641111111),11322088,0.931,2017-01-01T00:00:00Z
Belgium,Point(4.668055555 50.641111111),9711115,0.931,2017-01-01T00:00:00Z
Belgium,Point(4.668055555 50.641111111),11322088,0.937,2021-01-01T00:00:00Z
Belgium,Point(4.668055555 50.641111111),9711115,0.937,2021-01-01T00:00:00Z
Belgium,Point(4.668055555 50.641111111),10478617,0.924,2015-01-01T00:00:00Z
Belgium,Point(4.668055555 50.641111111),11322088,0.924,2015-01-01T00:00:00Z
Belgium,Point(4.668055555 50.641111111),9711115,0.924,2015-01-01T00:00:00Z
Belgium,Point(4.668055555 50.641111111),10478617,0.928,2020-01-01T00:00:00Z
Belgium,Point(4.668055555 50.641111111),11322088,0.928,2020-01-01T00:00:00Z
Belgium,Point(4.668055555 50.641111111),9711115,0.928,2020-01-01T00:00:00Z
Belgium,Point(4.668055555 50.641111111),10478617,0.921,2014-01-01T00:00:00Z
Belgium,Point(4.668055555 50.641111111),11322088,0.921,2014-01-01T00:00:00Z
Belgium,Point(4.668055555 50.641111111),9711115,0.921,2014-01-01T00:00:00Z
Belgium,Point(4.668055555 50.641111111),10478617,0.927,2016-01-01T00:00:00Z
Belgium,Point(4.668055555 50.641111111),11322088,0.927,2016-01-01T00:00:00Z
Belgium,Point(4.668055555 50.641111111),9711115,0.927,2016-01-01T00:00:00Z
Belgium,Point(4.668055555 50.641111111),10478617,0.933,2018-01-01T00:00:00Z
Belgium,Point(4.668055555 50.641111111),11322088,0.933,2018-01-01T00:00:00Z
Belgium,Point(4.668055555 50.641111111),9711115,0.933,2018-01-01T00:00:00Z
Belgium,Point(4.668055555 50.641111111),10478617,0.916,2013-01-01T00:00:00Z
Belgium,Point(4.668055555 50.641111111),11322088,0.916,2013-01-01T00:00:00Z
Belgium,Point(4.668055555 50.641111111),9711115,0.916,2013-01-01T00:00:00Z
